filename,width,height,class,xmin,ymin,xmax,ymax
BikesHelmets765.png,400,225,With Helmet,193,13,265,65
BikesHelmets759.png,400,267,With Helmet,148,99,172,123
BikesHelmets759.png,400,267,Without Helmet,230,103,247,124
BikesHelmets759.png,400,267,Without Helmet,64,102,88,125
BikesHelmets759.png,400,267,Without Helmet,287,97,304,116
BikesHelmets573.png,499,333,With Helmet,83,72,152,139
BikesHelmets573.png,499,333,With Helmet,253,121,313,194
BikesHelmets573.png,499,333,With Helmet,390,35,447,102
BikesHelmets215.png,400,280,With Helmet,174,67,205,99
BikesHelmets215.png,400,280,With Helmet,62,67,91,98
BikesHelmets215.png,400,280,With Helmet,285,71,310,105
BikesHelmets215.png,400,280,With Helmet,323,69,355,98
BikesHelmets215.png,400,280,With Helmet,136,64,162,97
BikesHelmets215.png,400,280,With Helmet,224,39,253,76
BikesHelmets201.png,500,398,Without Helmet,144,80,196,133
BikesHelmets567.png,494,361,With Helmet,59,12,119,74
BikesHelmets567.png,494,361,With Helmet,247,11,278,44
BikesHelmets229.png,400,267,With Helmet,141,21,181,67
BikesHelmets17.png,400,225,With Helmet,280,40,314,82
BikesHelmets17.png,400,225,With Helmet,188,52,209,79
BikesHelmets598.png,450,300,With Helmet,87,33,152,112
BikesHelmets407.png,468,280,With Helmet,233,12,288,64
BikesHelmets361.png,400,267,With Helmet,139,22,235,132
BikesHelmets375.png,400,214,Without Helmet,21,38,47,65
BikesHelmets375.png,400,214,With Helmet,247,21,265,37
BikesHelmets375.png,400,214,Without Helmet,327,42,353,70
BikesHelmets413.png,400,225,With Helmet,253,1,307,44
BikesHelmets349.png,400,368,With Helmet,247,46,300,97
BikesHelmets163.png,400,267,With Helmet,190,44,216,75
BikesHelmets163.png,400,267,With Helmet,127,31,155,61
BikesHelmets163.png,400,267,With Helmet,55,20,82,55
BikesHelmets163.png,400,267,With Helmet,253,62,283,94
BikesHelmets163.png,400,267,With Helmet,309,28,344,62
BikesHelmets605.png,450,337,Without Helmet,77,47,118,99
BikesHelmets605.png,450,337,Without Helmet,109,50,148,106
BikesHelmets605.png,450,337,Without Helmet,141,56,170,100
BikesHelmets605.png,450,337,Without Helmet,167,54,202,101
BikesHelmets605.png,450,337,Without Helmet,215,6,255,64
BikesHelmets605.png,450,337,Without Helmet,250,45,289,88
BikesHelmets605.png,450,337,Without Helmet,286,37,324,81
BikesHelmets611.png,400,246,With Helmet,257,21,287,59
BikesHelmets611.png,400,246,With Helmet,236,79,273,117
BikesHelmets611.png,400,246,Without Helmet,123,5,153,45
BikesHelmets177.png,425,282,With Helmet,195,28,243,91
BikesHelmets639.png,400,273,With Helmet,111,6,160,74
BikesHelmets188.png,400,267,With Helmet,205,53,238,103
BikesHelmets189.png,261,400,With Helmet,101,11,162,88
BikesHelmets638.png,317,400,Without Helmet,105,4,169,71
BikesHelmets610.png,305,400,With Helmet,99,2,173,95
BikesHelmets610.png,305,400,With Helmet,198,34,256,117
BikesHelmets176.png,400,274,Without Helmet,114,38,147,78
BikesHelmets176.png,400,274,Without Helmet,254,67,273,85
BikesHelmets162.png,399,600,With Helmet,187,33,283,150
BikesHelmets604.png,400,267,Without Helmet,174,59,198,84
BikesHelmets604.png,400,267,Without Helmet,198,50,215,70
BikesHelmets604.png,400,267,Without Helmet,212,59,241,92
BikesHelmets604.png,400,267,Without Helmet,235,89,255,116
BikesHelmets348.png,507,338,With Helmet,165,5,215,57
BikesHelmets374.png,450,350,With Helmet,237,58,313,154
BikesHelmets412.png,399,400,Without Helmet,81,55,137,119
BikesHelmets406.png,400,400,Without Helmet,159,3,211,60
BikesHelmets360.png,400,267,With Helmet,170,7,246,86
BikesHelmets360.png,400,267,With Helmet,298,3,392,107
BikesHelmets599.png,400,301,With Helmet,282,55,314,96
BikesHelmets599.png,400,301,With Helmet,149,45,182,86
BikesHelmets16.png,400,267,With Helmet,260,2,327,81
BikesHelmets16.png,400,267,With Helmet,151,32,196,94
BikesHelmets16.png,400,267,With Helmet,46,38,96,100
BikesHelmets16.png,400,267,With Helmet,92,22,123,64
BikesHelmets228.png,500,376,With Helmet,60,25,113,77
BikesHelmets228.png,500,376,With Helmet,377,45,424,97
BikesHelmets228.png,500,376,With Helmet,186,32,233,77
BikesHelmets200.png,494,351,Without Helmet,157,8,213,77
BikesHelmets566.png,400,226,Without Helmet,118,10,150,50
BikesHelmets572.png,400,259,Without Helmet,12,75,31,97
BikesHelmets572.png,400,259,Without Helmet,94,72,115,80
BikesHelmets572.png,400,259,Without Helmet,195,10,228,48
BikesHelmets572.png,400,259,Without Helmet,298,69,319,90
BikesHelmets572.png,400,259,Without Helmet,361,82,375,102
BikesHelmets214.png,400,300,With Helmet,154,100,187,141
BikesHelmets758.png,400,300,With Helmet,164,11,209,60
BikesHelmets758.png,400,300,With Helmet,344,52,366,79
BikesHelmets764.png,400,400,With Helmet,71600,20000,103600,52800
BikesHelmets564.png,400,400,With Helmet,148,11,223,86
BikesHelmets202.png,400,291,With Helmet,289,64,330,109
BikesHelmets202.png,400,291,With Helmet,125,50,162,85
BikesHelmets216.png,400,214,Without Helmet,181,2,215,43
BikesHelmets570.png,400,300,With Helmet,165,47,211,95
BikesHelmets558.png,400,300,With Helmet,162,5,224,73
BikesHelmets14.png,400,223,With Helmet,165,66,227,138
BikesHelmets28.png,450,273,With Helmet,114,0,159,56
BikesHelmets410.png,400,223,With Helmet,165,65,225,141
BikesHelmets376.png,400,296,Without Helmet,176,10,214,52
BikesHelmets362.png,320,180,With Helmet,176,37,199,61
BikesHelmets362.png,320,180,With Helmet,200,29,225,59
BikesHelmets404.png,400,225,Without Helmet,184,10,215,42
BikesHelmets404.png,400,225,Without Helmet,130,11,162,48
BikesHelmets438.png,400,287,Without Helmet,176,47,215,97
BikesHelmets389.png,400,223,With Helmet,163,5,238,92
BikesHelmets174.png,400,280,With Helmet,170,14,199,50
BikesHelmets174.png,400,280,With Helmet,249,9,290,52
BikesHelmets612.png,300,225,With Helmet,97,7,147,53
BikesHelmets606.png,400,350,With Helmet,156,32,217,90
BikesHelmets606.png,400,350,With Helmet,257,26,318,80
BikesHelmets160.png,400,267,Without Helmet,147,106,165,127
BikesHelmets160.png,400,267,Without Helmet,254,96,271,113
BikesHelmets148.png,389,400,With Helmet,151,11,214,90
BikesHelmets148.png,389,400,With Helmet,295,83,343,136
BikesHelmets149.png,400,300,With Helmet,204,46,242,98
BikesHelmets149.png,400,300,With Helmet,117,68,137,91
BikesHelmets607.png,400,277,With Helmet,165,23,222,70
BikesHelmets161.png,400,312,With Helmet,129,41,198,108
BikesHelmets175.png,400,281,Without Helmet,194,68,223,96
BikesHelmets175.png,400,281,Without Helmet,346,40,372,61
BikesHelmets613.png,400,247,With Helmet,197,44,225,75
BikesHelmets613.png,400,247,With Helmet,280,67,306,94
BikesHelmets388.png,250,188,With Helmet,90,6,149,71
BikesHelmets439.png,400,216,With Helmet,352,67,373,103
BikesHelmets439.png,400,216,With Helmet,291,71,312,102
BikesHelmets439.png,400,216,With Helmet,259,72,283,96
BikesHelmets439.png,400,216,With Helmet,222,68,249,94
BikesHelmets439.png,400,216,With Helmet,202,71,221,94
BikesHelmets439.png,400,216,With Helmet,173,77,194,103
BikesHelmets439.png,400,216,With Helmet,152,70,169,89
BikesHelmets439.png,400,216,With Helmet,113,72,132,98
BikesHelmets439.png,400,216,With Helmet,68,73,87,100
BikesHelmets439.png,400,216,With Helmet,28,70,53,92
BikesHelmets363.png,400,267,With Helmet,185,70,226,108
BikesHelmets405.png,400,156,With Helmet,200,9,228,36
BikesHelmets405.png,400,156,With Helmet,48,11,75,40
BikesHelmets411.png,400,226,With Helmet,135,39,180,87
BikesHelmets411.png,400,226,With Helmet,237,90,247,101
BikesHelmets377.png,400,265,With Helmet,17,36,47,69
BikesHelmets377.png,400,265,With Helmet,298,43,344,110
BikesHelmets377.png,400,265,With Helmet,169,35,202,78
BikesHelmets377.png,400,265,With Helmet,230,41,260,72
BikesHelmets377.png,400,265,With Helmet,117,36,144,70
BikesHelmets29.png,520,355,With Helmet,143,6,212,93
BikesHelmets15.png,240,160,With Helmet,96,17,128,49
BikesHelmets15.png,240,160,With Helmet,128,10,165,46
BikesHelmets559.png,400,247,Without Helmet,244,31,286,87
BikesHelmets559.png,400,247,Without Helmet,127,28,168,79
BikesHelmets217.png,400,267,Without Helmet,266,69,290,99
BikesHelmets217.png,400,267,Without Helmet,249,56,271,91
BikesHelmets217.png,400,267,Without Helmet,362,65,373,81
BikesHelmets217.png,400,267,Without Helmet,316,55,331,74
BikesHelmets217.png,400,267,Without Helmet,241,45,251,59
BikesHelmets571.png,400,395,With Helmet,154,143,212,198
BikesHelmets571.png,400,395,With Helmet,109,111,138,143
BikesHelmets571.png,400,395,With Helmet,227,107,252,133
BikesHelmets571.png,400,395,With Helmet,153,98,169,119
BikesHelmets565.png,400,267,With Helmet,250,16,301,69
BikesHelmets565.png,400,267,With Helmet,109,1,177,57
BikesHelmets203.png,400,267,With Helmet,328,33,380,90
BikesHelmets203.png,400,267,With Helmet,249,48,291,92
BikesHelmets203.png,400,267,With Helmet,147,93,168,114
BikesHelmets9.png,400,234,Without Helmet,150,17,179,49
BikesHelmets9.png,400,234,Without Helmet,110,60,135,88
BikesHelmets763.png,400,267,With Helmet,149,33,197,97
BikesHelmets763.png,400,267,With Helmet,47,41,89,99
BikesHelmets763.png,400,267,With Helmet,262,1,329,82
BikesHelmets549.png,400,267,With Helmet,146,19,195,69
BikesHelmets207.png,400,328,With Helmet,237,44,286,93
BikesHelmets207.png,400,328,With Helmet,165,40,212,91
BikesHelmets561.png,400,300,Without Helmet,197,27,231,70
BikesHelmets575.png,288,400,With Helmet,168,7,223,71
BikesHelmets213.png,400,301,With Helmet,278,53,323,99
BikesHelmets213.png,400,301,With Helmet,145,42,184,88
BikesHelmets39.png,450,289,Without Helmet,150,38,194,85
BikesHelmets39.png,450,289,Without Helmet,344,48,393,89
BikesHelmets11.png,600,450,With Helmet,135,22,231,128
BikesHelmets11.png,600,450,With Helmet,19,70,75,137
BikesHelmets11.png,600,450,With Helmet,300,73,342,131
BikesHelmets11.png,600,450,With Helmet,355,21,413,99
BikesHelmets11.png,600,450,With Helmet,61,73,114,130
BikesHelmets11.png,600,450,With Helmet,561,47,600,95
BikesHelmets429.png,400,267,Without Helmet,143,20,171,56
BikesHelmets373.png,400,269,With Helmet,194,34,234,90
BikesHelmets415.png,400,267,With Helmet,176,17,237,75
BikesHelmets415.png,400,267,With Helmet,307,57,362,123
BikesHelmets415.png,400,267,With Helmet,63,35,109,102
BikesHelmets401.png,400,300,With Helmet,137,52,178,97
BikesHelmets367.png,576,451,With Helmet,276,78,381,190
BikesHelmets398.png,400,235,With Helmet,151,10,207,51
BikesHelmets398.png,400,235,Without Helmet,236,17,267,52
BikesHelmets159.png,400,267,With Helmet,171,54,216,102
BikesHelmets617.png,400,267,With Helmet,137,9,206,90
BikesHelmets171.png,400,203,Without Helmet,203,30,223,56
BikesHelmets171.png,400,203,With Helmet,90,30,111,54
BikesHelmets171.png,400,203,With Helmet,309,27,329,49
BikesHelmets171.png,400,203,Without Helmet,345,24,368,48
BikesHelmets165.png,400,225,With Helmet,159,3,239,83
BikesHelmets603.png,400,267,Without Helmet,131,28,190,95
BikesHelmets164.png,400,268,With Helmet,289,19,331,67
BikesHelmets164.png,400,268,With Helmet,241,32,270,76
BikesHelmets164.png,400,268,With Helmet,128,40,150,68
BikesHelmets164.png,400,268,With Helmet,201,33,229,67
BikesHelmets164.png,400,268,With Helmet,81,44,99,67
BikesHelmets164.png,400,268,With Helmet,44,47,64,72
BikesHelmets164.png,400,268,With Helmet,9,54,27,78
BikesHelmets602.png,400,226,With Helmet,212,14,280,83
BikesHelmets616.png,300,200,With Helmet,132,65,157,88
BikesHelmets616.png,300,200,With Helmet,81,64,102,87
BikesHelmets616.png,300,200,With Helmet,214800,50400,235200,68600
BikesHelmets616.png,300,200,With Helmet,248,76,271,100
BikesHelmets616.png,300,200,With Helmet,197,73,212,90
BikesHelmets170.png,400,266,Without Helmet,122,6,167,50
BikesHelmets158.png,400,266,With Helmet,145,6,186,56
BikesHelmets399.png,400,267,Without Helmet,182,104,203,132
BikesHelmets399.png,400,267,Without Helmet,272,95,293,118
BikesHelmets399.png,400,267,Without Helmet,146,107,162,128
BikesHelmets399.png,400,267,Without Helmet,110,89,126,107
BikesHelmets399.png,400,267,With Helmet,79,99,93,116
BikesHelmets399.png,400,267,With Helmet,214,98,228,116
BikesHelmets400.png,400,387,With Helmet,172,25,249,130
BikesHelmets366.png,400,225,Without Helmet,312,21,333,52
BikesHelmets372.png,400,266,Without Helmet,129,24,170,75
BikesHelmets372.png,400,266,Without Helmet,40,15,87,71
BikesHelmets414.png,600,341,With Helmet,314,30,378,96
BikesHelmets428.png,236,326,With Helmet,15,20,94,103
BikesHelmets428.png,236,326,With Helmet,112,11,183,75
BikesHelmets10.png,400,241,Without Helmet,185,4,226,41
BikesHelmets38.png,400,277,With Helmet,290,37,327,77
BikesHelmets38.png,400,277,Without Helmet,67,48,106,91
BikesHelmets574.png,400,268,With Helmet,287,17,330,68
BikesHelmets574.png,400,268,With Helmet,244,33,270,71
BikesHelmets574.png,400,268,With Helmet,200,31,231,66
BikesHelmets574.png,400,268,With Helmet,126,39,154,68
BikesHelmets574.png,400,268,With Helmet,79,43,99,69
BikesHelmets212.png,400,266,Without Helmet,120,5,167,49
BikesHelmets206.png,250,375,With Helmet,83,12,192,157
BikesHelmets560.png,340,400,Without Helmet,292,130,325,160
BikesHelmets548.png,400,267,With Helmet,181,64,221,113
BikesHelmets548.png,400,267,With Helmet,219,45,252,90
BikesHelmets762.png,400,371,With Helmet,248,12,307,77
BikesHelmets8.png,400,300,With Helmet,166,2,220,75
BikesHelmets8.png,400,300,Without Helmet,215,5,244,51
BikesHelmets748.png,400,267,With Helmet,193,41,231,83
BikesHelmets760.png,494,345,With Helmet,204,24,264,86
BikesHelmets760.png,494,345,With Helmet,419,10,481,84
BikesHelmets760.png,494,345,With Helmet,60,49,111,96
BikesHelmets238.png,400,208,Without Helmet,131,0,170,40
BikesHelmets210.png,400,266,With Helmet,222,54,256,91
BikesHelmets576.png,267,400,With Helmet,103,59,164,128
BikesHelmets562.png,263,463,Without Helmet,81,33,144,104
BikesHelmets204.png,400,300,Without Helmet,201,109,226,131
BikesHelmets204.png,400,300,Without Helmet,162,107,178,122
BikesHelmets204.png,400,300,Without Helmet,295,84,318,116
BikesHelmets204.png,400,300,Without Helmet,143,104,154,118
BikesHelmets589.png,400,256,With Helmet,89,11,129,52
BikesHelmets12.png,480,360,With Helmet,218,58,258,104
BikesHelmets358.png,400,300,Without Helmet,199,21,247,74
BikesHelmets364.png,400,273,With Helmet,212,50,250,87
BikesHelmets402.png,400,228,Without Helmet,109,21,162,84
BikesHelmets402.png,400,228,Without Helmet,233,16,292,86
BikesHelmets416.png,305,400,With Helmet,198,34,254,110
BikesHelmets416.png,305,400,With Helmet,102,5,170,82
BikesHelmets370.png,320,240,With Helmet,180,9,220,49
BikesHelmets628.png,400,300,With Helmet,185,152,230,190
BikesHelmets628.png,400,300,With Helmet,232,67,263,101
BikesHelmets600.png,400,257,With Helmet,218,11,263,55
BikesHelmets600.png,400,257,With Helmet,268,20,311,60
BikesHelmets166.png,400,400,With Helmet,175,31,258,123
BikesHelmets172.png,555,407,Without Helmet,109,14,165,69
BikesHelmets172.png,555,407,Without Helmet,423,5,475,65
BikesHelmets614.png,400,267,Without Helmet,183,105,203,129
BikesHelmets614.png,400,267,Without Helmet,272,96,292,117
BikesHelmets614.png,400,267,Without Helmet,78,99,95,117
BikesHelmets614.png,400,267,Without Helmet,143,86,156,98
BikesHelmets199.png,400,225,With Helmet,253,1,312,47
BikesHelmets198.png,379,400,Without Helmet,146,22,204,83
BikesHelmets173.png,400,327,With Helmet,142,75,187,123
BikesHelmets173.png,400,327,With Helmet,285,54,336,104
BikesHelmets615.png,400,266,With Helmet,85,81,110,110
BikesHelmets601.png,291,400,With Helmet,140,195,170,227
BikesHelmets167.png,586,331,With Helmet,246,0,306,62
BikesHelmets629.png,400,267,With Helmet,181,21,230,74
BikesHelmets417.png,400,261,Without Helmet,174,83,226,150
BikesHelmets371.png,400,242,Without Helmet,162,43,187,72
BikesHelmets371.png,400,242,With Helmet,350,103,375,129
BikesHelmets371.png,400,242,Without Helmet,45,15,79,52
BikesHelmets371.png,400,242,Without Helmet,235,62,259,92
BikesHelmets365.png,359,247,Without Helmet,219,32,243,59
BikesHelmets365.png,359,247,Without Helmet,132,31,155,56
BikesHelmets403.png,400,240,With Helmet,109,114,125,132
BikesHelmets403.png,400,240,Without Helmet,56,123,76,137
BikesHelmets403.png,400,240,Without Helmet,182,79,199,97
BikesHelmets403.png,400,240,With Helmet,111,139,133,158
BikesHelmets359.png,400,214,Without Helmet,181,3,214,43
BikesHelmets13.png,598,557,With Helmet,278,30,356,139
BikesHelmets588.png,400,250,Without Helmet,123,2,171,51
BikesHelmets563.png,400,250,With Helmet,86,15,118,57
BikesHelmets563.png,400,250,Without Helmet,278,10,315,47
BikesHelmets205.png,507,338,With Helmet,112047,2028,155142,27040
BikesHelmets205.png,507,338,With Helmet,161,6,226,68
BikesHelmets211.png,400,267,With Helmet,159,19,215,80
BikesHelmets577.png,400,271,Without Helmet,231,18,290,96
BikesHelmets239.png,400,267,With Helmet,145,32,205,88
BikesHelmets761.png,586,331,With Helmet,246,1,309,63
BikesHelmets749.png,450,360,With Helmet,268,59,316,112
BikesHelmets712.png,400,208,With Helmet,165,7,236,95
BikesHelmets706.png,400,300,Without Helmet,174,33,219,83
BikesHelmets706.png,400,300,Without Helmet,139600,15000,164000,34500
BikesHelmets276.png,400,225,With Helmet,155,70,215,128
BikesHelmets510.png,400,267,With Helmet,230,87,276,126
BikesHelmets510.png,400,267,Without Helmet,294,74,318,107
BikesHelmets504.png,400,300,Without Helmet,195,27,225,69
BikesHelmets262.png,553,369,With Helmet,253,97,304,155
BikesHelmets538.png,388,400,With Helmet,160,160,209,206
BikesHelmets74.png,400,267,Without Helmet,287,74,317,102
BikesHelmets74.png,400,267,Without Helmet,202,69,223,97
BikesHelmets74.png,400,267,Without Helmet,98,66,125,94
BikesHelmets60.png,400,300,With Helmet,155,1,218,61
BikesHelmets289.png,404,500,Without Helmet,154,45,225,127
BikesHelmets48.png,404,567,With Helmet,152,37,226,135
BikesHelmets302.png,400,250,With Helmet,172,30,219,73
BikesHelmets464.png,400,334,With Helmet,155,5,212,65
BikesHelmets470.png,300,400,With Helmet,94,121,158,188
BikesHelmets316.png,268,400,With Helmet,121,86,175,149
BikesHelmets458.png,400,247,With Helmet,278,2,328,49
BikesHelmets666.png,400,267,Without Helmet,149,50,184,82
BikesHelmets100.png,400,305,With Helmet,158,20,205,71
BikesHelmets100.png,400,305,With Helmet,106,11,154,64
BikesHelmets114.png,400,300,With Helmet,344,63,372,99
BikesHelmets114.png,400,300,With Helmet,277,66,298,90
BikesHelmets114.png,400,300,With Helmet,172,67,196,94
BikesHelmets114.png,400,300,With Helmet,92,54,120,87
BikesHelmets672.png,400,225,Without Helmet,118,5,140,30
BikesHelmets128.png,400,269,Without Helmet,194,6,227,60
BikesHelmets128.png,400,269,Without Helmet,227,13,251,55
BikesHelmets699.png,480,360,With Helmet,221,61,256,104
BikesHelmets698.png,388,400,With Helmet,163,161,210,205
BikesHelmets129.png,400,267,With Helmet,163,37,187,68
BikesHelmets115.png,400,259,With Helmet,74,72,114,107
BikesHelmets115.png,400,259,With Helmet,188,85,212,114
BikesHelmets115.png,400,259,With Helmet,230,90,249,114
BikesHelmets115.png,400,259,With Helmet,280,96,292,110
BikesHelmets673.png,560,373,With Helmet,222,18,290,84
BikesHelmets673.png,560,373,With Helmet,350,23,397,82
BikesHelmets673.png,560,373,With Helmet,424,15,460,51
BikesHelmets673.png,560,373,With Helmet,476,33,504,58
BikesHelmets667.png,400,225,With Helmet,192,4,252,77
BikesHelmets101.png,400,225,With Helmet,231,2,266,42
BikesHelmets471.png,400,276,Without Helmet,166,94,204,143
BikesHelmets317.png,553,369,With Helmet,253,95,304,152
BikesHelmets303.png,400,218,With Helmet,199,104,218,125
BikesHelmets303.png,400,218,With Helmet,286,109,304,126
BikesHelmets303.png,400,218,Without Helmet,114,103,132,127
BikesHelmets303.png,400,218,Without Helmet,233,112,248,126
BikesHelmets303.png,400,218,With Helmet,336,114,351,129
BikesHelmets303.png,400,218,With Helmet,68,102,88,124
BikesHelmets303.png,400,218,With Helmet,260,107,279,127
BikesHelmets303.png,400,218,Without Helmet,320,114,332,127
BikesHelmets465.png,400,247,With Helmet,226,111,244,134
BikesHelmets288.png,400,247,With Helmet,277,3,323,50
BikesHelmets49.png,400,250,With Helmet,174,24,216,73
BikesHelmets49.png,400,250,Without Helmet,257,19,288,54
BikesHelmets61.png,600,450,With Helmet,246,39,337,140
BikesHelmets75.png,400,300,With Helmet,172000,70800,204800,103500
BikesHelmets75.png,400,300,With Helmet,287600,72900,321200,102000
BikesHelmets75.png,400,300,With Helmet,164800,71400,208400,106800
BikesHelmets75.png,400,300,With Helmet,296,100,335,142
BikesHelmets75.png,400,300,With Helmet,179,104,210,137
BikesHelmets539.png,400,267,With Helmet,168,19,218,71
BikesHelmets505.png,572,375,Without Helmet,290,31,335,82
BikesHelmets505.png,572,375,Without Helmet,261,86,293,123
BikesHelmets505.png,572,375,Without Helmet,273,141,302,176
BikesHelmets505.png,572,375,Without Helmet,234,132,265,162
BikesHelmets263.png,400,267,With Helmet,187,51,222,94
BikesHelmets277.png,400,225,With Helmet,141,16,177,58
BikesHelmets277.png,400,225,With Helmet,315,12,352,51
BikesHelmets277.png,400,225,With Helmet,256,18,281,51
BikesHelmets511.png,400,263,With Helmet,271,18,312,58
BikesHelmets511.png,400,263,With Helmet,86,8,129,65
BikesHelmets707.png,470,350,Without Helmet,202,43,235,86
BikesHelmets713.png,520,355,With Helmet,144,8,208,95
BikesHelmets705.png,400,270,With Helmet,65,5,119,63
BikesHelmets711.png,268,400,With Helmet,53,32,139,144
BikesHelmets739.png,400,225,Without Helmet,183,21,227,67
BikesHelmets261.png,400,313,With Helmet,90,71,176,162
BikesHelmets261.png,400,313,With Helmet,214,125,258,170
BikesHelmets507.png,400,267,Without Helmet,119,34,158,81
BikesHelmets507.png,400,267,With Helmet,220,110,263,161
BikesHelmets507.png,400,267,Without Helmet,263,65,291,108
BikesHelmets513.png,494,520,Without Helmet,235,22,347,161
BikesHelmets275.png,400,400,Without Helmet,261,2,339,98
BikesHelmets88.png,400,267,With Helmet,218,11,263,64
BikesHelmets88.png,400,267,With Helmet,275,5,322,50
BikesHelmets249.png,267,400,With Helmet,121,34,197,107
BikesHelmets63.png,360,600,With Helmet,135,45,214,150
BikesHelmets63.png,360,600,With Helmet,51,12,119,103
BikesHelmets77.png,400,300,Without Helmet,175,5,222,58
BikesHelmets315.png,600,400,Without Helmet,207,23,327,156
BikesHelmets473.png,480,360,With Helmet,202,56,259,119
BikesHelmets467.png,400,294,With Helmet,190,11,241,78
BikesHelmets301.png,267,400,With Helmet,98,41,171,129
BikesHelmets329.png,400,267,With Helmet,266,21,301,58
BikesHelmets329.png,400,267,With Helmet,215,75,241,100
BikesHelmets329.png,400,267,With Helmet,169,97,191,117
BikesHelmets329.png,400,267,With Helmet,104,102,129,127
BikesHelmets498.png,600,400,With Helmet,224,102,359,250
BikesHelmets671.png,400,240,Without Helmet,181,79,198,95
BikesHelmets671.png,400,240,Without Helmet,334800,54000,355600,66480
BikesHelmets671.png,400,240,Without Helmet,228,77,242,94
BikesHelmets671.png,400,240,Without Helmet,362,72,376,89
BikesHelmets671.png,400,240,Without Helmet,320,75,335,93
BikesHelmets117.png,246,347,With Helmet,90,51,130,94
BikesHelmets103.png,400,263,Without Helmet,149282,10520,177697,32350
BikesHelmets665.png,400,281,Without Helmet,167,62,202,97
BikesHelmets665.png,400,281,Without Helmet,89,72,113,97
BikesHelmets665.png,400,281,Without Helmet,31,70,57,90
BikesHelmets665.png,400,281,Without Helmet,121,63,143,85
BikesHelmets665.png,400,281,Without Helmet,276,64,301,90
BikesHelmets665.png,400,281,Without Helmet,344,66,359,85
BikesHelmets659.png,400,225,With Helmet,278,9,331,58
BikesHelmets658.png,468,280,With Helmet,277,8,338,60
BikesHelmets102.png,389,400,With Helmet,239,23,293,83
BikesHelmets664.png,500,375,Without Helmet,106,40,160,109
BikesHelmets670.png,400,283,Without Helmet,127,11,161,49
BikesHelmets116.png,400,277,With Helmet,367,102,388,128
BikesHelmets116.png,400,277,Without Helmet,255,100,272,120
BikesHelmets499.png,400,267,With Helmet,130,25,170,80
BikesHelmets328.png,400,300,Without Helmet,199,19,244,69
BikesHelmets466.png,400,300,Without Helmet,224,30,274,77
BikesHelmets300.png,400,263,With Helmet,186,20,231,73
BikesHelmets314.png,400,299,Without Helmet,157,55,205,100
BikesHelmets314.png,400,299,Without Helmet,86,19,138,75
BikesHelmets472.png,400,250,With Helmet,207,12,231,38
BikesHelmets472.png,400,250,Without Helmet,66,45,89,78
BikesHelmets472.png,400,250,With Helmet,55,19,75,45
BikesHelmets76.png,400,250,With Helmet,141,118,171,159
BikesHelmets76.png,400,250,Without Helmet,69,118,91,149
BikesHelmets76.png,400,250,Without Helmet,243,124,265,158
BikesHelmets76.png,400,250,Without Helmet,346,121,371,158
BikesHelmets76.png,400,250,Without Helmet,238,74,261,104
BikesHelmets76.png,400,250,Without Helmet,28,106,40,127
BikesHelmets62.png,364,480,Without Helmet,161,23,216,89
BikesHelmets89.png,400,225,With Helmet,154,71,215,131
BikesHelmets248.png,400,228,Without Helmet,169,9,204,50
BikesHelmets512.png,400,300,With Helmet,170,8,227,68
BikesHelmets274.png,400,300,With Helmet,145,2,215,74
BikesHelmets260.png,400,266,Without Helmet,187,23,238,73
BikesHelmets506.png,500,428,With Helmet,197,11,301,124
BikesHelmets738.png,236,352,With Helmet,78,29,135,78
BikesHelmets710.png,400,258,Without Helmet,158,79,184,97
BikesHelmets710.png,400,258,Without Helmet,190,79,212,99
BikesHelmets710.png,400,258,Without Helmet,271,104,295,126
BikesHelmets704.png,400,300,With Helmet,204,48,244,98
BikesHelmets728.png,400,267,With Helmet,70,50,136,119
BikesHelmets728.png,400,267,With Helmet,189,116,256,190
BikesHelmets728.png,400,267,With Helmet,273,5,341,67
BikesHelmets700.png,600,459,Without Helmet,134,189,158,212
BikesHelmets700.png,600,459,With Helmet,383,198,397,215
BikesHelmets714.png,220,300,With Helmet,118,13,152,54
BikesHelmets714.png,220,300,With Helmet,62,24,93,63
BikesHelmets99.png,400,245,With Helmet,268,59,295,86
BikesHelmets99.png,400,245,Without Helmet,161,52,193,83
BikesHelmets99.png,400,245,Without Helmet,63,57,90,86
BikesHelmets99.png,400,245,With Helmet,325,68,353,102
BikesHelmets258.png,300,400,With Helmet,95,121,157,189
BikesHelmets502.png,400,218,Without Helmet,187,2,219,40
BikesHelmets502.png,400,218,With Helmet,248,6,272,36
BikesHelmets264.png,400,290,With Helmet,329,33,364,76
BikesHelmets264.png,400,290,With Helmet,249,23,282,70
BikesHelmets270.png,400,387,With Helmet,172,25,253,132
BikesHelmets516.png,400,267,Without Helmet,82,46,117,78
BikesHelmets516.png,400,267,Without Helmet,317,55,344,82
BikesHelmets66.png,400,300,Without Helmet,196,26,229,70
BikesHelmets66.png,400,300,Without Helmet,236,26,274,69
BikesHelmets66.png,400,300,Without Helmet,222,22,245,65
BikesHelmets72.png,400,251,With Helmet,148,3,202,61
BikesHelmets338.png,400,301,Without Helmet,102,158,125,190
BikesHelmets338.png,400,301,Without Helmet,283,146,291,156
BikesHelmets476.png,400,238,With Helmet,119,2,199,82
BikesHelmets310.png,400,267,With Helmet,192,3,245,77
BikesHelmets304.png,400,275,Without Helmet,303,53,333,90
BikesHelmets304.png,400,275,Without Helmet,247,66,265,91
BikesHelmets304.png,400,275,Without Helmet,112,69,131,92
BikesHelmets304.png,400,275,Without Helmet,14,57,39,86
BikesHelmets304.png,400,275,Without Helmet,51,60,76,83
BikesHelmets462.png,400,179,With Helmet,98,25,115,43
BikesHelmets462.png,400,179,With Helmet,175,34,185,45
BikesHelmets489.png,267,400,With Helmet,198,107,249,166
BikesHelmets489.png,267,400,With Helmet,124,98,178,149
BikesHelmets489.png,267,400,With Helmet,26,90,78,139
BikesHelmets648.png,400,267,With Helmet,193,63,241,110
BikesHelmets648.png,400,267,With Helmet,100,46,152,99
BikesHelmets112.png,400,228,Without Helmet,231,19,297,90
BikesHelmets112.png,400,228,Without Helmet,107,21,164,87
BikesHelmets674.png,400,328,With Helmet,237,45,285,93
BikesHelmets674.png,400,328,With Helmet,164,42,210,91
BikesHelmets660.png,400,225,With Helmet,148,65,170,92
BikesHelmets660.png,400,225,Without Helmet,202,122,215,135
BikesHelmets660.png,400,225,With Helmet,61,103,74,120
BikesHelmets660.png,400,225,Without Helmet,314,102,328,118
BikesHelmets660.png,400,225,With Helmet,121,99,137,117
BikesHelmets106.png,400,261,With Helmet,114,34,184,108
BikesHelmets106.png,400,261,With Helmet,301,106,339,146
BikesHelmets106.png,400,261,With Helmet,233,150,260,176
BikesHelmets661.png,400,267,With Helmet,229,58,269,98
BikesHelmets661.png,400,267,With Helmet,64,80,106,112
BikesHelmets107.png,400,114,With Helmet,198,4,267,79
BikesHelmets113.png,400,282,With Helmet,152,6,196,51
BikesHelmets675.png,480,480,With Helmet,256,12,344,121
BikesHelmets649.png,301,400,With Helmet,136,19,301,233
BikesHelmets488.png,350,263,With Helmet,110,22,166,78
BikesHelmets305.png,400,250,Without Helmet,122,2,178,56
BikesHelmets463.png,350,233,With Helmet,257,23,297,70
BikesHelmets463.png,350,233,With Helmet,150,15,193,57
BikesHelmets463.png,350,233,With Helmet,68,25,122,71
BikesHelmets477.png,400,259,Without Helmet,211,2,261,46
BikesHelmets311.png,400,300,With Helmet,168,46,223,114
BikesHelmets311.png,400,300,With Helmet,219,11,275,86
BikesHelmets339.png,285,289,With Helmet,180,24,223,73
BikesHelmets339.png,285,289,With Helmet,43,21,67,55
BikesHelmets73.png,400,300,With Helmet,231,45,278,92
BikesHelmets73.png,400,300,Without Helmet,306,64,331,95
BikesHelmets67.png,600,527,With Helmet,312,57,413,175
BikesHelmets67.png,600,527,With Helmet,228,68,307,185
BikesHelmets271.png,400,300,With Helmet,7,35,58,86
BikesHelmets271.png,400,300,With Helmet,89,49,121,82
BikesHelmets271.png,400,300,With Helmet,149,41,181,81
BikesHelmets271.png,400,300,With Helmet,221,65,247,90
BikesHelmets271.png,400,300,With Helmet,349,31,395,82
BikesHelmets517.png,363,400,With Helmet,131,23,210,95
BikesHelmets517.png,363,400,With Helmet,113,100,160,145
BikesHelmets503.png,400,267,With Helmet,190,14,246,68
BikesHelmets265.png,400,267,With Helmet,156,14,215,81
BikesHelmets98.png,400,231,Without Helmet,116,50,146,85
BikesHelmets259.png,400,226,With Helmet,13,9,74,69
BikesHelmets259.png,400,226,With Helmet,94,10,159,72
BikesHelmets259.png,400,226,With Helmet,207,11,249,78
BikesHelmets259.png,400,226,With Helmet,246,10,317,110
BikesHelmets715.png,400,267,With Helmet,197,41,288,158
BikesHelmets701.png,400,225,With Helmet,186,50,212,80
BikesHelmets701.png,400,225,With Helmet,278,43,313,77
BikesHelmets729.png,400,267,With Helmet,218,28,278,86
BikesHelmets729.png,400,267,With Helmet,112,83,161,132
BikesHelmets717.png,600,485,With Helmet,264,103,322,165
BikesHelmets703.png,400,225,With Helmet,182,59,225,97
BikesHelmets703.png,400,225,With Helmet,116,33,149,63
BikesHelmets703.png,400,225,With Helmet,137,7,166,33
BikesHelmets529.png,400,300,With Helmet,154,72,180,95
BikesHelmets529.png,400,300,With Helmet,284,104,300,121
BikesHelmets515.png,400,267,With Helmet,235,27,265,62
BikesHelmets515.png,400,267,With Helmet,77,49,111,89
BikesHelmets515.png,400,267,With Helmet,122,5,159,39
BikesHelmets515.png,400,267,With Helmet,282,67,314,104
BikesHelmets273.png,494,361,With Helmet,59,12,123,74
BikesHelmets273.png,494,361,With Helmet,249,12,278,43
BikesHelmets273.png,494,361,With Helmet,374,0,425,40
BikesHelmets267.png,553,369,With Helmet,253,96,303,155
BikesHelmets501.png,400,269,With Helmet,193,36,234,89
BikesHelmets298.png,400,274,Without Helmet,115,41,149,76
BikesHelmets298.png,400,274,Without Helmet,257,68,272,86
BikesHelmets59.png,400,267,With Helmet,264,28,306,73
BikesHelmets59.png,400,267,With Helmet,171,33,211,82
BikesHelmets59.png,400,267,With Helmet,346,1,391,49
BikesHelmets71.png,586,331,With Helmet,407,66,457,114
BikesHelmets71.png,586,331,With Helmet,256,94,292,128
BikesHelmets65.png,400,225,With Helmet,182,59,225,100
BikesHelmets65.png,400,225,With Helmet,116,32,145,63
BikesHelmets65.png,400,225,With Helmet,137,9,163,34
BikesHelmets449.png,400,262,Without Helmet,313,64,336,87
BikesHelmets449.png,400,262,With Helmet,211,104,236,124
BikesHelmets449.png,400,262,With Helmet,175,91,187,104
BikesHelmets461.png,504,337,With Helmet,284,36,339,92
BikesHelmets461.png,504,337,With Helmet,170,20,248,93
BikesHelmets307.png,400,267,With Helmet,161,14,238,86
BikesHelmets313.png,400,189,With Helmet,284,16,306,42
BikesHelmets313.png,400,189,With Helmet,79,17,103,43
BikesHelmets313.png,400,189,With Helmet,348,16,369,37
BikesHelmets475.png,600,400,With Helmet,230,104,347,249
BikesHelmets139.png,400,200,With Helmet,231,24,273,67
BikesHelmets105.png,400,225,With Helmet,145,2,194,51
BikesHelmets663.png,460,345,With Helmet,49,18,133,110
BikesHelmets677.png,600,412,With Helmet,282,43,347,111
BikesHelmets111.png,400,267,Without Helmet,148,43,183,84
BikesHelmets688.png,400,300,With Helmet,270,13,336,69
BikesHelmets689.png,400,300,Without Helmet,87,99,107,126
BikesHelmets689.png,400,300,Without Helmet,226,114,239,128
BikesHelmets676.png,448,336,Without Helmet,343,71,378,109
BikesHelmets676.png,448,336,Without Helmet,232,69,285,129
BikesHelmets676.png,448,336,Without Helmet,145,74,192,132
BikesHelmets676.png,448,336,Without Helmet,93,44,131,85
BikesHelmets110.png,600,397,Without Helmet,491,83,527,129
BikesHelmets110.png,600,397,Without Helmet,307,103,338,139
BikesHelmets104.png,400,267,With Helmet,196,61,237,112
BikesHelmets104.png,400,267,With Helmet,101,43,152,102
BikesHelmets662.png,400,250,Without Helmet,55,7,105,58
BikesHelmets138.png,400,277,With Helmet,288,32,331,77
BikesHelmets138.png,400,277,Without Helmet,69,47,108,92
BikesHelmets312.png,400,266,With Helmet,151,19,193,57
BikesHelmets474.png,400,267,With Helmet,286,65,315,97
BikesHelmets474.png,400,267,With Helmet,197,64,225,96
BikesHelmets474.png,400,267,With Helmet,110,73,150,116
BikesHelmets474.png,400,267,With Helmet,75,61,106,96
BikesHelmets460.png,400,140,With Helmet,178,7,216,53
BikesHelmets460.png,400,140,With Helmet,44,3,86,45
BikesHelmets306.png,600,478,Without Helmet,385,55,451,139
BikesHelmets306.png,600,478,Without Helmet,200,39,270,127
BikesHelmets448.png,400,300,Without Helmet,199,17,246,75
BikesHelmets64.png,400,267,With Helmet,250,48,288,92
BikesHelmets64.png,400,267,With Helmet,215,72,244,103
BikesHelmets64.png,400,267,With Helmet,328,33,381,92
BikesHelmets64.png,400,267,With Helmet,197,77,216,104
BikesHelmets64.png,400,267,With Helmet,176,83,194,105
BikesHelmets64.png,400,267,With Helmet,151,94,167,114
BikesHelmets70.png,400,225,Without Helmet,184,1,228,41
BikesHelmets70.png,400,225,Without Helmet,231,33,250,63
BikesHelmets70.png,400,225,Without Helmet,211,32,231,62
BikesHelmets70.png,400,225,Without Helmet,151,19,177,53
BikesHelmets70.png,400,225,Without Helmet,131,0,157,36
BikesHelmets70.png,400,225,Without Helmet,102,0,131,40
BikesHelmets299.png,400,395,With Helmet,155,139,210,203
BikesHelmets299.png,400,395,With Helmet,111,111,134,145
BikesHelmets299.png,400,395,With Helmet,231,108,249,132
BikesHelmets299.png,400,395,With Helmet,157,101,168,118
BikesHelmets58.png,600,485,With Helmet,257,101,322,163
BikesHelmets266.png,400,281,Without Helmet,193,64,221,95
BikesHelmets266.png,400,281,Without Helmet,346,40,371,68
BikesHelmets266.png,400,281,Without Helmet,219,56,244,90
BikesHelmets500.png,236,281,With Helmet,72,6,120,55
BikesHelmets514.png,400,228,Without Helmet,124,19,153,47
BikesHelmets514.png,400,228,Without Helmet,81,22,99,46
BikesHelmets514.png,400,228,Without Helmet,196,24,216,49
BikesHelmets272.png,400,305,With Helmet,155,19,208,74
BikesHelmets528.png,400,242,Without Helmet,46,14,81,52
BikesHelmets528.png,400,242,With Helmet,348,101,373,128
BikesHelmets528.png,400,242,Without Helmet,235,62,260,93
BikesHelmets528.png,400,242,Without Helmet,160,42,191,74
BikesHelmets702.png,400,260,Without Helmet,293,85,314,108
BikesHelmets702.png,400,260,Without Helmet,210,87,225,104
BikesHelmets716.png,400,225,Without Helmet,176,1,222,45
BikesHelmets733.png,400,267,Without Helmet,202,52,238,96
BikesHelmets727.png,600,400,With Helmet,227,106,360,255
BikesHelmets257.png,400,267,With Helmet,165,10,196,47
BikesHelmets257.png,400,267,With Helmet,77,18,112,54
BikesHelmets257.png,400,267,With Helmet,252,40,283,77
BikesHelmets96.png,400,208,With Helmet,247,65,271,83
BikesHelmets96.png,400,208,With Helmet,196,52,223,70
BikesHelmets96.png,400,208,With Helmet,353,47,375,66
BikesHelmets531.png,351,300,Without Helmet,97,29,135,68
BikesHelmets531.png,351,300,Without Helmet,193,1,235,38
BikesHelmets82.png,400,267,With Helmet,266,17,289,44
BikesHelmets82.png,400,267,With Helmet,125,39,145,60
BikesHelmets82.png,400,267,With Helmet,180,17,200,49
BikesHelmets525.png,400,277,With Helmet,292,38,325,75
BikesHelmets525.png,400,277,Without Helmet,72,51,104,89
BikesHelmets243.png,400,330,With Helmet,174,0,336,184
BikesHelmets519.png,400,302,With Helmet,153,9,201,62
BikesHelmets294.png,400,200,With Helmet,228,22,275,67
BikesHelmets55.png,300,400,Without Helmet,165,106,196,137
BikesHelmets41.png,400,300,With Helmet,140,57,183,104
BikesHelmets41.png,400,300,With Helmet,87,58,120,98
BikesHelmets280.png,400,226,With Helmet,251,29,282,62
BikesHelmets280.png,400,226,With Helmet,135,21,159,51
BikesHelmets69.png,400,267,With Helmet,231,33,264,74
BikesHelmets69.png,400,267,With Helmet,257,33,289,72
BikesHelmets323.png,400,300,With Helmet,181,72,242,145
BikesHelmets445.png,400,229,With Helmet,162,17,201,67
BikesHelmets451.png,555,370,With Helmet,207,26,276,91
BikesHelmets337.png,320,310,With Helmet,157,29,222,112
BikesHelmets479.png,274,400,Without Helmet,89,15,133,71
BikesHelmets486.png,400,259,With Helmet,192,36,237,85
BikesHelmets486.png,400,259,With Helmet,79,16,124,62
BikesHelmets486.png,400,259,With Helmet,298,16,340,64
BikesHelmets492.png,600,549,With Helmet,348,91,436,196
BikesHelmets492.png,600,549,With Helmet,157,20,247,125
BikesHelmets647.png,550,366,Without Helmet,234,23,279,75
BikesHelmets121.png,400,294,With Helmet,186,13,241,76
BikesHelmets135.png,261,400,With Helmet,97,7,167,92
BikesHelmets653.png,400,243,With Helmet,167,1,251,92
BikesHelmets109.png,320,480,With Helmet,47,110,118,181
BikesHelmets684.png,267,400,Without Helmet,87,10,142,69
BikesHelmets690.png,400,292,Without Helmet,170,40,201,68
BikesHelmets691.png,600,400,With Helmet,213,110,360,250
BikesHelmets685.png,400,300,With Helmet,151,68,187,109
BikesHelmets108.png,400,267,With Helmet,151,30,202,76
BikesHelmets134.png,400,250,With Helmet,163,52,191,83
BikesHelmets134.png,400,250,With Helmet,21,45,52,83
BikesHelmets134.png,400,250,With Helmet,253,41,272,66
BikesHelmets134.png,400,250,With Helmet,211,41,231,63
BikesHelmets134.png,400,250,With Helmet,309,37,325,56
BikesHelmets652.png,299,400,With Helmet,165,27,209,78
BikesHelmets652.png,299,400,With Helmet,75,3,131,64
BikesHelmets646.png,400,242,With Helmet,208,1,251,31
BikesHelmets120.png,586,331,With Helmet,248,1,308,64
BikesHelmets493.png,400,300,Without Helmet,203,22,260,71
BikesHelmets487.png,400,267,Without Helmet,211,56,243,94
BikesHelmets487.png,400,267,Without Helmet,172,61,198,87
BikesHelmets487.png,400,267,Without Helmet,194,49,215,69
BikesHelmets478.png,400,174,With Helmet,183,1,215,31
BikesHelmets450.png,400,254,Without Helmet,49,32,69,55
BikesHelmets450.png,400,254,With Helmet,328,35,350,63
BikesHelmets450.png,400,254,With Helmet,368,38,395,63
BikesHelmets336.png,494,345,With Helmet,209,27,257,79
BikesHelmets336.png,494,345,With Helmet,419,10,478,79
BikesHelmets336.png,494,345,With Helmet,377,29,405,63
BikesHelmets336.png,494,345,With Helmet,61,46,104,94
BikesHelmets322.png,400,313,With Helmet,177,48,237,106
BikesHelmets322.png,400,313,Without Helmet,234,12,292,67
BikesHelmets444.png,200,159,Without Helmet,52000,1272,67600,13992
BikesHelmets444.png,200,159,Without Helmet,27,1,56,29
BikesHelmets444.png,200,159,Without Helmet,86,5,114,33
BikesHelmets68.png,400,267,With Helmet,210,3,262,46
BikesHelmets40.png,225,400,With Helmet,132,56,166,96
BikesHelmets40.png,225,400,With Helmet,69,65,100,105
BikesHelmets281.png,400,300,Without Helmet,143,70,169,103
BikesHelmets295.png,261,400,With Helmet,98,12,163,91
BikesHelmets518.png,400,267,With Helmet,69,66,107,105
BikesHelmets518.png,400,267,With Helmet,146,34,178,76
BikesHelmets518.png,400,267,With Helmet,289,12,321,51
BikesHelmets518.png,400,267,With Helmet,213,58,242,92
BikesHelmets524.png,400,225,Without Helmet,176,2,220,45
BikesHelmets83.png,450,300,With Helmet,145,14,199,68
BikesHelmets242.png,400,267,With Helmet,196,36,230,78
BikesHelmets256.png,400,236,Without Helmet,242,0,290,47
BikesHelmets530.png,400,267,With Helmet,104918,4272,145764,35244
BikesHelmets530.png,400,267,With Helmet,305,56,365,131
BikesHelmets530.png,400,267,With Helmet,58,31,116,107
BikesHelmets530.png,400,267,With Helmet,181,17,233,76
BikesHelmets97.png,600,450,With Helmet,19,73,77,141
BikesHelmets97.png,600,450,With Helmet,137,25,230,123
BikesHelmets97.png,600,450,With Helmet,355,18,416,103
BikesHelmets726.png,586,331,With Helmet,193,16,257,80
BikesHelmets732.png,520,355,With Helmet,145,6,206,92
BikesHelmets724.png,400,225,With Helmet,132,18,185,73
BikesHelmets724.png,400,225,With Helmet,202,18,233,62
BikesHelmets730.png,400,400,Without Helmet,188,44,293,152
BikesHelmets718.png,400,218,Without Helmet,186,3,222,41
BikesHelmets718.png,400,218,With Helmet,248,4,273,35
BikesHelmets240.png,300,223,With Helmet,119,13,153,55
BikesHelmets526.png,200,227,Without Helmet,122,8,145,37
BikesHelmets526.png,200,227,Without Helmet,51,16,76,43
BikesHelmets81.png,225,400,With Helmet,128,55,172,101
BikesHelmets81.png,225,400,With Helmet,66,62,101,106
BikesHelmets532.png,400,600,With Helmet,176,5,326,195
BikesHelmets95.png,320,320,With Helmet,238,8,291,64
BikesHelmets95.png,320,320,With Helmet,107,29,148,67
BikesHelmets254.png,180,180,With Helmet,111,17,160,80
BikesHelmets254.png,180,180,With Helmet,10,12,60,68
BikesHelmets268.png,400,267,With Helmet,137,18,184,67
BikesHelmets283.png,400,225,Without Helmet,250,78,280,118
BikesHelmets42.png,350,287,With Helmet,172,27,245,127
BikesHelmets56.png,400,267,With Helmet,97,34,131,72
BikesHelmets56.png,400,267,With Helmet,215,45,248,86
BikesHelmets297.png,400,267,Without Helmet,182,105,207,131
BikesHelmets297.png,400,267,With Helmet,78,98,97,119
BikesHelmets297.png,400,267,Without Helmet,271,96,294,119
BikesHelmets297.png,400,267,With Helmet,233,93,250,110
BikesHelmets297.png,400,267,Without Helmet,47,110,65,132
BikesHelmets297.png,400,267,Without Helmet,144,105,162,128
BikesHelmets297.png,400,267,Without Helmet,110,89,127,108
BikesHelmets297.png,400,267,Without Helmet,143,86,156,100
BikesHelmets297.png,400,267,With Helmet,213,97,228,116
BikesHelmets297.png,400,267,Without Helmet,184,87,198,102
BikesHelmets297.png,400,267,Without Helmet,317,83,331,97
BikesHelmets334.png,400,286,With Helmet,129,170,146,186
BikesHelmets334.png,400,286,Without Helmet,190,159,206,175
BikesHelmets334.png,400,286,Without Helmet,81,175,97,191
BikesHelmets334.png,400,286,Without Helmet,21,175,40,194
BikesHelmets334.png,400,286,With Helmet,148,148,160,159
BikesHelmets334.png,400,286,With Helmet,346,155,362,171
BikesHelmets334.png,400,286,Without Helmet,316,138,327,149
BikesHelmets452.png,500,400,Without Helmet,277,30,325,92
BikesHelmets446.png,400,250,With Helmet,176,4,230,83
BikesHelmets446.png,400,250,With Helmet,282,74,305,106
BikesHelmets446.png,400,250,With Helmet,99,58,133,100
BikesHelmets446.png,400,250,Without Helmet,99,58,133,100
BikesHelmets320.png,485,322,With Helmet,312,49,341,91
BikesHelmets320.png,485,322,With Helmet,148,10,204,81
BikesHelmets308.png,400,245,Without Helmet,165,51,189,82
BikesHelmets308.png,400,245,With Helmet,269,62,296,86
BikesHelmets308.png,400,245,With Helmet,325,70,353,100
BikesHelmets308.png,400,245,Without Helmet,62,58,92,87
BikesHelmets491.png,400,226,Without Helmet,150,10,222,94
BikesHelmets485.png,400,400,Without Helmet,160,29,204,86
BikesHelmets650.png,400,284,With Helmet,178,17,229,70
BikesHelmets136.png,400,190,With Helmet,191,13,229,52
BikesHelmets122.png,400,295,With Helmet,146,45,186,86
BikesHelmets644.png,400,246,With Helmet,235,74,274,119
BikesHelmets644.png,400,246,Without Helmet,123,4,158,39
BikesHelmets644.png,400,246,With Helmet,255,15,293,67
BikesHelmets678.png,400,317,Without Helmet,255,20,323,89
BikesHelmets693.png,400,267,With Helmet,193,61,237,112
BikesHelmets687.png,400,225,With Helmet,188,16,243,69
BikesHelmets686.png,400,205,With Helmet,199,43,268,128
BikesHelmets686.png,400,205,With Helmet,312,24,366,77
BikesHelmets686.png,400,205,With Helmet,131,31,179,90
BikesHelmets692.png,450,320,With Helmet,202,67,247,114
BikesHelmets692.png,450,320,With Helmet,118,62,156,107
BikesHelmets679.png,400,226,Without Helmet,216,3,260,52
BikesHelmets123.png,400,267,With Helmet,150,135,170,153
BikesHelmets645.png,400,294,With Helmet,299,45,343,88
BikesHelmets645.png,400,294,With Helmet,168,32,209,80
BikesHelmets645.png,400,294,With Helmet,50,27,103,79
BikesHelmets651.png,400,225,With Helmet,107,8,150,53
BikesHelmets137.png,400,255,Without Helmet,171,92,183,108
BikesHelmets137.png,400,255,Without Helmet,272,92,282,106
BikesHelmets137.png,400,255,Without Helmet,27,82,46,101
BikesHelmets137.png,400,255,Without Helmet,333,94,342,104
BikesHelmets137.png,400,255,Without Helmet,306,99,315,110
BikesHelmets137.png,400,255,Without Helmet,136,92,147,106
BikesHelmets137.png,400,255,Without Helmet,73,91,85,105
BikesHelmets484.png,400,368,With Helmet,58,69,110,119
BikesHelmets484.png,400,368,With Helmet,292,53,338,106
BikesHelmets490.png,400,400,With Helmet,152,78,248,167
BikesHelmets309.png,353,400,With Helmet,154,7,242,103
BikesHelmets447.png,400,321,Without Helmet,225,2,292,69
BikesHelmets321.png,400,267,With Helmet,72,53,135,119
BikesHelmets321.png,400,267,With Helmet,194,126,252,189
BikesHelmets321.png,400,267,With Helmet,277,5,342,66
BikesHelmets335.png,300,400,Without Helmet,156,51,203,113
BikesHelmets453.png,288,400,With Helmet,165,7,224,70
BikesHelmets57.png,400,226,Without Helmet,122,2,167,48
BikesHelmets296.png,400,300,With Helmet,198,20,245,70
BikesHelmets282.png,344,400,With Helmet,133,11,237,137
BikesHelmets43.png,220,165,With Helmet,121,19,140,44
BikesHelmets269.png,400,267,With Helmet,190,15,247,76
BikesHelmets94.png,400,300,With Helmet,121,2,211,81
BikesHelmets533.png,586,390,With Helmet,110,33,190,110
BikesHelmets255.png,400,267,With Helmet,225,41,274,85
BikesHelmets255.png,400,267,With Helmet,184,37,217,70
BikesHelmets241.png,400,267,With Helmet,196,61,232,98
BikesHelmets80.png,400,225,Without Helmet,155600,896,184000,19488
BikesHelmets80.png,400,225,With Helmet,2,1,33,32
BikesHelmets80.png,400,225,With Helmet,290,1,323,34
BikesHelmets80.png,400,225,Without Helmet,179,4,209,41
BikesHelmets80.png,400,225,Without Helmet,316,6,333,29
BikesHelmets527.png,400,219,With Helmet,198,14,232,50
BikesHelmets527.png,400,219,With Helmet,64,3,122,48
BikesHelmets719.png,494,467,With Helmet,262,85,314,143
BikesHelmets731.png,400,324,With Helmet,149,96,201,147
BikesHelmets725.png,400,259,Without Helmet,192,10,233,50
BikesHelmets725.png,400,259,Without Helmet,294,67,325,94
BikesHelmets725.png,400,259,Without Helmet,94,71,119,98
BikesHelmets709.png,400,267,Without Helmet,210,2,252,43
BikesHelmets721.png,314,230,With Helmet,164,10,225,68
BikesHelmets279.png,400,400,With Helmet,57200,2400,98400,42400
BikesHelmets523.png,400,292,Without Helmet,273,29,306,70
BikesHelmets523.png,400,292,Without Helmet,181,48,205,75
BikesHelmets84.png,400,387,With Helmet,120,86,193,163
BikesHelmets245.png,400,400,With Helmet,173,27,238,100
BikesHelmets251.png,400,225,Without Helmet,150,5,177,40
BikesHelmets537.png,400,267,With Helmet,187,21,275,123
BikesHelmets90.png,400,267,With Helmet,261,1,358,82
BikesHelmets47.png,400,264,Without Helmet,172,92,206,126
BikesHelmets47.png,400,264,Without Helmet,62,85,101,127
BikesHelmets47.png,400,264,Without Helmet,252,88,284,124
BikesHelmets286.png,400,160,With Helmet,246,31,266,61
BikesHelmets286.png,400,160,With Helmet,164,32,194,74
BikesHelmets286.png,400,160,With Helmet,45,33,94,85
BikesHelmets292.png,460,345,With Helmet,45,18,142,116
BikesHelmets53.png,400,265,With Helmet,192,10,250,67
BikesHelmets319.png,400,267,With Helmet,238,44,286,92
BikesHelmets319.png,400,267,With Helmet,132,56,168,93
BikesHelmets457.png,400,267,With Helmet,180,90,194,104
BikesHelmets457.png,400,267,With Helmet,267,94,289,111
BikesHelmets331.png,300,199,Without Helmet,164,35,187,62
BikesHelmets331.png,300,199,Without Helmet,191,41,215,66
BikesHelmets325.png,400,258,Without Helmet,273,102,290,126
BikesHelmets325.png,400,258,Without Helmet,157,75,182,98
BikesHelmets325.png,400,258,Without Helmet,22,77,45,102
BikesHelmets325.png,400,258,Without Helmet,190,77,213,102
BikesHelmets325.png,400,258,Without Helmet,124,74,139,93
BikesHelmets443.png,400,267,With Helmet,229,67,272,120
BikesHelmets443.png,400,267,With Helmet,295,61,341,107
BikesHelmets443.png,400,267,With Helmet,39,66,85,119
BikesHelmets443.png,400,267,With Helmet,164,85,204,125
BikesHelmets443.png,400,267,With Helmet,103,86,142,132
BikesHelmets494.png,400,400,Without Helmet,149,13,233,105
BikesHelmets480.png,400,267,Without Helmet,177,19,206,54
BikesHelmets669.png,400,225,With Helmet,65,3,146,80
BikesHelmets133.png,480,320,Without Helmet,175,103,216,141
BikesHelmets655.png,400,233,With Helmet,127,73,152,94
BikesHelmets641.png,500,375,Without Helmet,144,1,203,78
BikesHelmets127.png,248,400,With Helmet,49,31,119,111
BikesHelmets696.png,400,305,With Helmet,155,17,205,72
BikesHelmets696.png,400,305,With Helmet,104,12,153,65
BikesHelmets682.png,400,139,With Helmet,266,32,284,47
BikesHelmets683.png,400,225,Without Helmet,184,36,215,69
BikesHelmets683.png,400,225,Without Helmet,293,42,324,80
BikesHelmets697.png,400,267,With Helmet,245,48,293,93
BikesHelmets697.png,400,267,With Helmet,326,36,385,87
BikesHelmets697.png,400,267,With Helmet,212,72,244,104
BikesHelmets697.png,400,267,With Helmet,147,92,169,115
BikesHelmets640.png,600,403,Without Helmet,278,265,311,301
BikesHelmets640.png,600,403,Without Helmet,121,252,151,283
BikesHelmets640.png,600,403,With Helmet,404,133,424,153
BikesHelmets126.png,600,400,With Helmet,369,137,414,189
BikesHelmets126.png,600,400,With Helmet,277,125,312,165
BikesHelmets126.png,600,400,With Helmet,73,140,114,188
BikesHelmets126.png,600,400,With Helmet,474,115,510,158
BikesHelmets126.png,600,400,With Helmet,184,143,240,202
BikesHelmets132.png,400,267,With Helmet,348,92,387,139
BikesHelmets132.png,400,267,With Helmet,237,62,277,108
BikesHelmets132.png,400,267,With Helmet,169,77,199,121
BikesHelmets132.png,400,267,With Helmet,105,107,128,135
BikesHelmets132.png,400,267,With Helmet,51,135,73,160
BikesHelmets654.png,400,320,With Helmet,199,31,270,113
BikesHelmets668.png,400,226,Without Helmet,95,20,125,51
BikesHelmets668.png,400,226,Without Helmet,231,21,256,49
BikesHelmets668.png,400,226,Without Helmet,156,3,194,36
BikesHelmets668.png,400,226,Without Helmet,96,18,125,52
BikesHelmets668.png,400,226,Without Helmet,337,45,370,89
BikesHelmets481.png,576,451,With Helmet,279,77,381,194
BikesHelmets481.png,576,451,With Helmet,388,97,486,195
BikesHelmets495.png,400,225,With Helmet,281,43,309,76
BikesHelmets495.png,400,225,With Helmet,186,49,213,81
BikesHelmets324.png,400,300,Without Helmet,115,36,145,73
BikesHelmets442.png,400,340,With Helmet,109,123,153,163
BikesHelmets442.png,400,340,With Helmet,260,114,303,158
BikesHelmets456.png,268,400,With Helmet,155,29,206,94
BikesHelmets330.png,400,335,With Helmet,127,8,207,106
BikesHelmets318.png,236,236,Without Helmet,162,71,185,93
BikesHelmets318.png,236,236,Without Helmet,71,66,95,94
BikesHelmets293.png,570,427,With Helmet,145,250,171,279
BikesHelmets293.png,570,427,With Helmet,208,233,225,254
BikesHelmets293.png,570,427,Without Helmet,277,245,303,271
BikesHelmets52.png,400,267,Without Helmet,150,21,186,59
BikesHelmets52.png,400,267,Without Helmet,308,5,344,43
BikesHelmets52.png,400,267,Without Helmet,39,16,76,52
BikesHelmets46.png,400,267,With Helmet,253,61,290,93
BikesHelmets287.png,389,400,With Helmet,240,24,288,80
BikesHelmets250.png,400,300,With Helmet,208,48,241,90
BikesHelmets250.png,400,300,With Helmet,119,70,137,90
BikesHelmets91.png,400,195,With Helmet,93,32,115,55
BikesHelmets91.png,400,195,With Helmet,37,39,57,60
BikesHelmets91.png,400,195,With Helmet,172,37,193,58
BikesHelmets91.png,400,195,With Helmet,256,29,279,55
BikesHelmets91.png,400,195,With Helmet,328,48,348,65
BikesHelmets91.png,400,195,With Helmet,292,50,310,67
BikesHelmets91.png,400,195,With Helmet,125,48,140,68
BikesHelmets536.png,400,225,With Helmet,290,90,308,108
BikesHelmets536.png,400,225,With Helmet,224,102,242,121
BikesHelmets85.png,400,267,With Helmet,172,6,259,133
BikesHelmets522.png,400,267,With Helmet,263,7,303,51
BikesHelmets244.png,400,138,With Helmet,270,42,285,55
BikesHelmets244.png,400,138,With Helmet,297,48,313,63
BikesHelmets244.png,400,138,With Helmet,225,40,237,50
BikesHelmets278.png,400,267,With Helmet,196,16,243,67
BikesHelmets734.png,400,259,Without Helmet,184,12,217,50
BikesHelmets720.png,300,215,With Helmet,142,13,175,45
BikesHelmets708.png,400,300,Without Helmet,87,98,108,123
BikesHelmets708.png,400,300,Without Helmet,58,101,78,120
BikesHelmets708.png,400,300,Without Helmet,176,113,190,129
BikesHelmets708.png,400,300,Without Helmet,227,112,240,129
BikesHelmets708.png,400,300,Without Helmet,258,120,267,132
BikesHelmets736.png,400,250,Without Helmet,121,1,176,52
BikesHelmets722.png,236,354,With Helmet,126,2,176,63
BikesHelmets508.png,400,225,With Helmet,196,11,256,78
BikesHelmets93.png,400,267,Without Helmet,173,7,216,62
BikesHelmets534.png,400,347,With Helmet,222,96,261,128
BikesHelmets252.png,400,267,With Helmet,102,46,152,101
BikesHelmets252.png,400,267,With Helmet,196,61,239,113
BikesHelmets246.png,400,227,With Helmet,199,14,235,50
BikesHelmets87.png,400,267,Without Helmet,85,91,120,122
BikesHelmets87.png,400,267,Without Helmet,157,94,184,125
BikesHelmets520.png,497,271,With Helmet,277,47,335,113
BikesHelmets520.png,497,271,With Helmet,133,78,175,128
BikesHelmets520.png,497,271,With Helmet,454,75,478,105
BikesHelmets78.png,397,542,With Helmet,93,30,209,158
BikesHelmets291.png,400,267,With Helmet,219,14,251,52
BikesHelmets285.png,309,450,With Helmet,72,120,186,234
BikesHelmets44.png,400,316,With Helmet,115,4,173,68
BikesHelmets44.png,400,316,With Helmet,49,12,91,60
BikesHelmets468.png,400,400,With Helmet,75,9,153,90
BikesHelmets440.png,400,263,Without Helmet,44,38,74,76
BikesHelmets440.png,400,263,Without Helmet,161,51,185,85
BikesHelmets440.png,400,263,Without Helmet,299,58,321,84
BikesHelmets440.png,400,263,Without Helmet,229,56,254,83
BikesHelmets326.png,300,400,With Helmet,34200,3200,60000,42000
BikesHelmets332.png,400,267,With Helmet,264,1,326,82
BikesHelmets332.png,400,267,With Helmet,151,31,195,98
BikesHelmets332.png,400,267,With Helmet,48,42,94,101
BikesHelmets454.png,400,268,With Helmet,291,16,327,66
BikesHelmets454.png,400,268,With Helmet,200,33,231,65
BikesHelmets454.png,400,268,With Helmet,243,32,269,72
BikesHelmets454.png,400,268,With Helmet,129,41,149,66
BikesHelmets483.png,400,400,Without Helmet,26,122,62,158
BikesHelmets483.png,400,400,Without Helmet,165,118,194,148
BikesHelmets483.png,400,400,Without Helmet,279,103,299,130
BikesHelmets483.png,400,400,Without Helmet,257,116,275,142
BikesHelmets483.png,400,400,Without Helmet,305,113,323,135
BikesHelmets497.png,400,225,With Helmet,137,1,177,39
BikesHelmets118.png,400,347,With Helmet,224,94,257,129
BikesHelmets124.png,400,300,With Helmet,61,61,89,96
BikesHelmets124.png,400,300,With Helmet,138,70,160,94
BikesHelmets124.png,400,300,With Helmet,345,65,371,97
BikesHelmets642.png,400,267,With Helmet,270,51,308,89
BikesHelmets642.png,400,267,With Helmet,122,61,151,96
BikesHelmets656.png,150,188,Without Helmet,78,40,102,69
BikesHelmets130.png,400,266,Without Helmet,186,24,247,77
BikesHelmets681.png,400,250,Without Helmet,123,1,169,54
BikesHelmets695.png,400,267,With Helmet,168,21,219,72
BikesHelmets694.png,400,266,Without Helmet,120,3,166,52
BikesHelmets680.png,320,450,With Helmet,167,0,226,57
BikesHelmets657.png,400,258,Without Helmet,201,61,223,88
BikesHelmets657.png,400,258,Without Helmet,317,63,341,96
BikesHelmets657.png,400,258,Without Helmet,262,65,280,89
BikesHelmets131.png,400,300,With Helmet,279,66,297,89
BikesHelmets131.png,400,300,With Helmet,343,67,372,99
BikesHelmets131.png,400,300,With Helmet,260,75,276,94
BikesHelmets131.png,400,300,With Helmet,174,70,192,93
BikesHelmets131.png,400,300,With Helmet,135,70,160,94
BikesHelmets131.png,400,300,With Helmet,92,56,119,87
BikesHelmets131.png,400,300,With Helmet,60,60,89,93
BikesHelmets125.png,400,298,With Helmet,189,8,243,74
BikesHelmets643.png,400,267,Without Helmet,212,102,231,118
BikesHelmets643.png,400,267,Without Helmet,128,102,145,117
BikesHelmets643.png,400,267,Without Helmet,213,80,233,101
BikesHelmets643.png,400,267,Without Helmet,131,84,151,102
BikesHelmets119.png,600,402,Without Helmet,195,22,262,95
BikesHelmets496.png,400,300,Without Helmet,201,17,249,77
BikesHelmets482.png,400,230,Without Helmet,91,98,101,109
BikesHelmets333.png,400,267,With Helmet,194,61,242,112
BikesHelmets333.png,400,267,With Helmet,106,47,150,101
BikesHelmets455.png,400,267,With Helmet,138,22,183,65
BikesHelmets441.png,400,300,Without Helmet,112000,3000,136400,21900
BikesHelmets327.png,553,369,With Helmet,252,96,306,154
BikesHelmets469.png,400,358,With Helmet,39,129,84,174
BikesHelmets469.png,400,358,With Helmet,134,117,163,145
BikesHelmets469.png,400,358,With Helmet,306,80,342,118
BikesHelmets284.png,600,341,With Helmet,315,28,376,91
BikesHelmets45.png,400,266,With Helmet,187,20,241,76
BikesHelmets51.png,400,300,With Helmet,113,22,158,72
BikesHelmets290.png,400,269,With Helmet,192,36,230,89
BikesHelmets79.png,400,269,With Helmet,206,13,256,65
BikesHelmets79.png,400,269,With Helmet,259,5,294,42
BikesHelmets247.png,400,267,With Helmet,294,23,327,66
BikesHelmets247.png,400,267,With Helmet,218,60,268,114
BikesHelmets247.png,400,267,With Helmet,173,63,209,101
BikesHelmets247.png,400,267,With Helmet,116,55,151,100
BikesHelmets521.png,400,225,With Helmet,191,8,253,67
BikesHelmets86.png,267,400,With Helmet,95,27,161,100
BikesHelmets535.png,400,400,With Helmet,197,65,250,123
BikesHelmets92.png,400,267,With Helmet,217,7,258,55
BikesHelmets253.png,400,255,Without Helmet,189,53,221,89
BikesHelmets509.png,267,400,With Helmet,118,35,185,120
BikesHelmets723.png,400,266,Without Helmet,182,25,250,79
BikesHelmets737.png,400,255,With Helmet,92,53,125,102
BikesHelmets737.png,400,255,With Helmet,187,32,220,74
BikesHelmets6.png,400,225,With Helmet,313,12,356,52
BikesHelmets6.png,400,225,With Helmet,255,18,280,52
BikesHelmets6.png,400,225,With Helmet,235,19,256,50
BikesHelmets6.png,400,225,With Helmet,141,17,175,54
BikesHelmets6.png,400,225,With Helmet,171,8,196,37
BikesHelmets750.png,400,395,With Helmet,154,140,209,202
BikesHelmets744.png,400,300,Without Helmet,101,84,125,115
BikesHelmets744.png,400,300,With Helmet,302,89,334,122
BikesHelmets744.png,400,300,Without Helmet,206,85,230,115
BikesHelmets744.png,400,300,With Helmet,26,64,59,103
BikesHelmets552.png,400,267,With Helmet,113,60,215,165
BikesHelmets552.png,400,267,With Helmet,220,66,281,155
BikesHelmets234.png,400,267,With Helmet,176,9,236,65
BikesHelmets220.png,400,300,With Helmet,44,99,56,111
BikesHelmets220.png,400,300,Without Helmet,78,105,96,123
BikesHelmets220.png,400,300,Without Helmet,249,106,268,125
BikesHelmets220.png,400,300,Without Helmet,139,107,155,128
BikesHelmets220.png,400,300,Without Helmet,213,87,223,100
BikesHelmets546.png,400,267,Without Helmet,143,21,172,56
BikesHelmets208.png,400,245,With Helmet,322,69,356,101
BikesHelmets208.png,400,245,With Helmet,268,58,298,90
BikesHelmets208.png,400,245,Without Helmet,164,51,191,82
BikesHelmets208.png,400,245,Without Helmet,62,56,90,87
BikesHelmets591.png,300,400,With Helmet,119,65,216,196
BikesHelmets36.png,400,297,With Helmet,170,35,235,94
BikesHelmets585.png,400,400,Without Helmet,210,25,279,82
BikesHelmets22.png,400,298,With Helmet,186,11,244,73
BikesHelmets22.png,400,298,With Helmet,132,3,184,53
BikesHelmets426.png,586,331,With Helmet,191,11,261,90
BikesHelmets340.png,600,555,Without Helmet,144,46,227,134
BikesHelmets354.png,400,210,With Helmet,317,26,341,52
BikesHelmets354.png,400,210,With Helmet,242,16,264,40
BikesHelmets354.png,400,210,With Helmet,180,10,204,35
BikesHelmets354.png,400,210,With Helmet,28,5,50,25
BikesHelmets354.png,400,210,With Helmet,114,5,139,29
BikesHelmets354.png,400,210,With Helmet,363,32,377,47
BikesHelmets354.png,400,210,With Helmet,281,28,292,42
BikesHelmets354.png,400,210,With Helmet,384,36,398,53
BikesHelmets432.png,600,375,With Helmet,313,2,420,102
BikesHelmets368.png,468,280,With Helmet,232,7,284,65
BikesHelmets383.png,200,202,Without Helmet,132,62,148,83
BikesHelmets383.png,200,202,Without Helmet,128,44,144,65
BikesHelmets397.png,400,250,With Helmet,172,26,221,74
BikesHelmets397.png,400,250,Without Helmet,256,20,286,56
BikesHelmets142.png,400,267,With Helmet,86,52,153,132
BikesHelmets624.png,300,450,With Helmet,60,7,118,82
BikesHelmets630.png,400,294,Without Helmet,221,8,278,51
BikesHelmets156.png,400,228,Without Helmet,166,6,208,50
BikesHelmets618.png,400,252,With Helmet,112,70,138,95
BikesHelmets618.png,400,252,With Helmet,190,78,212,106
BikesHelmets618.png,400,252,With Helmet,286,92,304,117
BikesHelmets618.png,400,252,With Helmet,327,100,342,119
BikesHelmets181.png,400,250,With Helmet,172,26,220,71
BikesHelmets195.png,400,267,With Helmet,266,30,300,72
BikesHelmets195.png,400,267,With Helmet,172,36,207,80
BikesHelmets195.png,400,267,With Helmet,348,2,390,48
BikesHelmets194.png,400,223,With Helmet,286,46,319,88
BikesHelmets194.png,400,223,Without Helmet,93,39,123,72
BikesHelmets180.png,400,234,Without Helmet,149,29,179,60
BikesHelmets180.png,400,234,Without Helmet,294,26,319,58
BikesHelmets180.png,400,234,Without Helmet,34,65,59,91
BikesHelmets619.png,300,225,With Helmet,111,12,192,113
BikesHelmets619.png,300,225,With Helmet,9,27,50,75
BikesHelmets619.png,300,225,With Helmet,228,27,259,64
BikesHelmets631.png,450,320,Without Helmet,121,77,171,127
BikesHelmets631.png,450,320,Without Helmet,303,74,349,117
BikesHelmets631.png,450,320,Without Helmet,216,81,243,109
BikesHelmets157.png,400,225,With Helmet,227,90,264,130
BikesHelmets143.png,400,223,Without Helmet,322,22,352,55
BikesHelmets143.png,400,223,Without Helmet,97,18,131,56
BikesHelmets625.png,400,267,With Helmet,160,19,215,75
BikesHelmets396.png,400,267,With Helmet,194,7,253,64
BikesHelmets382.png,400,266,With Helmet,225,19,281,74
BikesHelmets382.png,400,266,With Helmet,285,18,336,66
BikesHelmets369.png,400,276,Without Helmet,166,94,201,143
BikesHelmets355.png,400,300,With Helmet,131,15,285,168
BikesHelmets433.png,464,272,With Helmet,320,46,358,88
BikesHelmets433.png,464,272,With Helmet,138,39,192,92
BikesHelmets433.png,464,272,With Helmet,189,57,223,100
BikesHelmets427.png,468,280,With Helmet,281,6,339,58
BikesHelmets341.png,232,400,Without Helmet,135,57,174,101
BikesHelmets23.png,400,301,With Helmet,112,27,161,82
BikesHelmets23.png,400,301,With Helmet,306,75,332,99
BikesHelmets23.png,400,301,With Helmet,338,76,356,100
BikesHelmets584.png,267,400,With Helmet,62,121,122,184
BikesHelmets37.png,400,285,With Helmet,197,59,246,109
BikesHelmets37.png,400,285,With Helmet,289,58,323,100
BikesHelmets37.png,400,285,With Helmet,8,76,67,147
BikesHelmets37.png,400,285,With Helmet,58,55,88,89
BikesHelmets590.png,400,247,With Helmet,277,2,325,50
BikesHelmets209.png,300,228,With Helmet,112,9,155,53
BikesHelmets209.png,300,228,With Helmet,76,8,110,46
BikesHelmets221.png,400,168,With Helmet,128,5,161,41
BikesHelmets221.png,400,168,With Helmet,186,13,234,73
BikesHelmets221.png,400,168,With Helmet,324,29,363,76
BikesHelmets547.png,400,300,With Helmet,132,100,149,118
BikesHelmets547.png,400,300,With Helmet,189,156,210,179
BikesHelmets553.png,400,267,Without Helmet,118,17,149,57
BikesHelmets235.png,400,266,With Helmet,139,124,160,141
BikesHelmets235.png,400,266,With Helmet,291,119,304,131
BikesHelmets745.png,400,188,With Helmet,148,1,183,30
BikesHelmets7.png,400,273,With Helmet,201,80,219,106
BikesHelmets7.png,400,273,With Helmet,311,91,339,117
BikesHelmets7.png,400,273,With Helmet,78,74,97,98
BikesHelmets751.png,400,267,With Helmet,310,33,368,109
BikesHelmets751.png,400,267,With Helmet,240,27,294,104
BikesHelmets751.png,400,267,With Helmet,148,48,190,106
BikesHelmets751.png,400,267,With Helmet,98,42,142,104
BikesHelmets751.png,400,267,With Helmet,12,66,50,114
BikesHelmets747.png,400,300,With Helmet,222,28,303,117
BikesHelmets747.png,400,300,Without Helmet,159,52,214,121
BikesHelmets753.png,400,267,With Helmet,220,10,263,56
BikesHelmets753.png,400,267,With Helmet,277,4,322,50
BikesHelmets5.png,400,250,Without Helmet,120,2,178,52
BikesHelmets545.png,256,400,With Helmet,82,7,211,159
BikesHelmets223.png,400,299,Without Helmet,65,52,82,69
BikesHelmets237.png,400,267,With Helmet,165,17,220,71
BikesHelmets551.png,400,271,With Helmet,161,5,208,63
BikesHelmets579.png,400,225,Without Helmet,146,0,188,47
BikesHelmets21.png,400,267,With Helmet,103,27,222,146
BikesHelmets586.png,400,273,With Helmet,192,23,233,71
BikesHelmets586.png,400,273,With Helmet,296,37,318,59
BikesHelmets592.png,400,301,With Helmet,179,161,197,179
BikesHelmets431.png,400,268,Without Helmet,185,15,242,94
BikesHelmets357.png,480,267,Without Helmet,214,11,298,85
BikesHelmets357.png,480,267,Without Helmet,328,11,400,89
BikesHelmets343.png,400,269,With Helmet,249264,26093,296552,54876
BikesHelmets343.png,400,269,With Helmet,230,35,275,74
BikesHelmets425.png,400,267,With Helmet,112,54,220,170
BikesHelmets419.png,400,267,With Helmet,231,49,297,123
BikesHelmets419.png,400,267,With Helmet,151,5,212,88
BikesHelmets394.png,400,264,Without Helmet,61,85,103,130
BikesHelmets394.png,400,264,Without Helmet,172,92,205,128
BikesHelmets394.png,400,264,Without Helmet,251,88,284,123
BikesHelmets394.png,400,264,Without Helmet,347,88,377,120
BikesHelmets380.png,593,528,With Helmet,306,13,416,138
BikesHelmets155.png,300,400,With Helmet,114,32,178,114
BikesHelmets155.png,300,400,With Helmet,30,122,91,185
BikesHelmets633.png,400,300,Without Helmet,320,91,347,115
BikesHelmets627.png,400,225,Without Helmet,205,42,242,79
BikesHelmets141.png,400,200,With Helmet,274,59,306,90
BikesHelmets169.png,400,267,With Helmet,257,17,340,102
BikesHelmets169.png,400,267,With Helmet,213,38,262,100
BikesHelmets196.png,400,263,Without Helmet,121,50,160,99
BikesHelmets182.png,400,225,Without Helmet,193,3,250,75
BikesHelmets183.png,494,329,With Helmet,185,61,242,120
BikesHelmets197.png,400,304,Without Helmet,231,74,260,111
BikesHelmets168.png,400,400,Without Helmet,109,4,199,119
BikesHelmets626.png,400,225,With Helmet,222,2,258,38
BikesHelmets140.png,400,267,Without Helmet,192641,2403,245507,42720
BikesHelmets140.png,400,267,Without Helmet,190,7,272,102
BikesHelmets154.png,303,400,With Helmet,217,59,235,78
BikesHelmets154.png,303,400,Without Helmet,88,41,119,88
BikesHelmets154.png,303,400,With Helmet,122,48,151,95
BikesHelmets632.png,400,288,With Helmet,315,58,343,94
BikesHelmets632.png,400,288,With Helmet,71,32,156,127
BikesHelmets381.png,400,268,With Helmet,178,44,230,118
BikesHelmets381.png,400,268,With Helmet,110,67,146,109
BikesHelmets395.png,400,225,With Helmet,229,0,289,52
BikesHelmets418.png,400,267,With Helmet,192,46,232,88
BikesHelmets342.png,400,305,With Helmet,156,16,204,72
BikesHelmets424.png,400,267,With Helmet,124,27,194,103
BikesHelmets430.png,400,313,Without Helmet,82,76,108,101
BikesHelmets430.png,400,313,Without Helmet,243,55,283,92
BikesHelmets356.png,400,267,With Helmet,236,73,290,130
BikesHelmets593.png,400,225,With Helmet,285,5,336,64
BikesHelmets593.png,400,225,Without Helmet,111,5,149,50
BikesHelmets34.png,400,267,With Helmet,136,14,184,62
BikesHelmets587.png,400,263,Without Helmet,225,13,262,55
BikesHelmets20.png,300,400,With Helmet,93,116,162,193
BikesHelmets20.png,300,400,With Helmet,154,161,271,293
BikesHelmets578.png,400,234,Without Helmet,148,18,182,54
BikesHelmets578.png,400,234,Without Helmet,109,57,135,87
BikesHelmets236.png,400,251,With Helmet,43,5,123,106
BikesHelmets550.png,400,243,Without Helmet,208,13,240,52
BikesHelmets550.png,400,243,Without Helmet,136,4,167,39
BikesHelmets544.png,400,334,With Helmet,156,9,212,64
BikesHelmets222.png,500,375,Without Helmet,215,71,241,101
BikesHelmets752.png,400,240,Without Helmet,184,63,200,84
BikesHelmets752.png,400,240,Without Helmet,121,65,138,87
BikesHelmets752.png,400,240,Without Helmet,53,68,75,88
BikesHelmets752.png,400,240,Without Helmet,244,60,261,80
BikesHelmets752.png,400,240,Without Helmet,320,62,340,83
BikesHelmets4.png,400,258,With Helmet,180,43,233,88
BikesHelmets746.png,266,400,With Helmet,105,45,152,108
BikesHelmets742.png,400,225,With Helmet,191,2,249,79
BikesHelmets0.png,400,267,With Helmet,29,105,82,160
BikesHelmets0.png,400,267,With Helmet,122,66,193,154
BikesHelmets0.png,400,267,With Helmet,201,43,246,98
BikesHelmets0.png,400,267,With Helmet,307,17,371,107
BikesHelmets756.png,450,300,With Helmet,174,33,268,128
BikesHelmets568.png,400,263,With Helmet,180,16,234,75
BikesHelmets226.png,400,400,With Helmet,118,1,253,97
BikesHelmets540.png,300,429,Without Helmet,79,13,145,97
BikesHelmets540.png,300,429,Without Helmet,175,48,219,109
BikesHelmets554.png,400,225,Without Helmet,209,14,244,58
BikesHelmets554.png,400,225,Without Helmet,250,0,293,36
BikesHelmets232.png,400,400,Without Helmet,197,2,272,92
BikesHelmets18.png,400,225,With Helmet,140,5,191,48
BikesHelmets18.png,400,225,With Helmet,84,7,125,50
BikesHelmets24.png,400,329,With Helmet,107,5,203,129
BikesHelmets583.png,597,510,Without Helmet,342,108,379,149
BikesHelmets30.png,267,400,With Helmet,94,62,152,130
BikesHelmets30.png,267,400,With Helmet,24,159,70,210
BikesHelmets30.png,267,400,With Helmet,132,101,180,156
BikesHelmets597.png,400,295,With Helmet,185,44,245,108
BikesHelmets408.png,400,219,Without Helmet,171,49,188,72
BikesHelmets408.png,400,219,Without Helmet,190,59,208,81
BikesHelmets352.png,586,331,With Helmet,245,2,307,65
BikesHelmets434.png,400,300,With Helmet,186,7,247,83
BikesHelmets420.png,300,400,Without Helmet,106,2,196,90
BikesHelmets346.png,300,300,With Helmet,138,22,198,87
BikesHelmets391.png,400,301,Without Helmet,117,118,139,139
BikesHelmets385.png,400,263,Without Helmet,41,38,77,79
BikesHelmets385.png,400,263,Without Helmet,227,54,253,88
BikesHelmets385.png,400,263,Without Helmet,155,47,186,88
BikesHelmets385.png,400,263,Without Helmet,299,57,321,84
BikesHelmets178.png,580,370,With Helmet,68,50,243,180
BikesHelmets178.png,580,370,With Helmet,310,40,499,203
BikesHelmets636.png,400,225,With Helmet,182,61,224,96
BikesHelmets636.png,400,225,With Helmet,114,31,144,62
BikesHelmets636.png,400,225,With Helmet,135,7,163,39
BikesHelmets150.png,400,283,With Helmet,145,47,178,83
BikesHelmets150.png,400,283,Without Helmet,326,63,352,95
BikesHelmets150.png,400,283,With Helmet,232,68,260,97
BikesHelmets144.png,521,370,Without Helmet,134,63,178,111
BikesHelmets622.png,539,438,Without Helmet,174,55,226,116
BikesHelmets622.png,539,438,Without Helmet,382,74,434,131
BikesHelmets193.png,400,300,With Helmet,194,49,242,89
BikesHelmets187.png,468,280,With Helmet,280,7,335,58
BikesHelmets186.png,299,400,Without Helmet,126,69,171,133
BikesHelmets192.png,400,214,Without Helmet,154,38,200,91
BikesHelmets145.png,400,189,With Helmet,141,38,169,67
BikesHelmets145.png,400,189,With Helmet,215,27,241,52
BikesHelmets145.png,400,189,With Helmet,264,26,285,50
BikesHelmets145.png,400,189,With Helmet,117,30,136,49
BikesHelmets623.png,400,267,With Helmet,191,38,248,108
BikesHelmets637.png,400,267,Without Helmet,188,76,208,103
BikesHelmets637.png,400,267,Without Helmet,43,89,66,115
BikesHelmets637.png,400,267,Without Helmet,357,81,379,109
BikesHelmets151.png,400,226,With Helmet,139,10,185,67
BikesHelmets151.png,400,226,With Helmet,111,29,147,75
BikesHelmets179.png,594,439,With Helmet,356,165,415,233
BikesHelmets179.png,594,439,With Helmet,92,168,144,224
BikesHelmets384.png,320,400,Without Helmet,108,15,163,81
BikesHelmets390.png,388,400,With Helmet,158,158,215,207
BikesHelmets421.png,300,400,With Helmet,36,96,89,157
BikesHelmets421.png,300,400,With Helmet,122,98,180,155
BikesHelmets421.png,300,400,With Helmet,217,131,254,189
BikesHelmets347.png,450,300,With Helmet,180,20,276,130
BikesHelmets353.png,400,250,Without Helmet,177,72,195,99
BikesHelmets353.png,400,250,Without Helmet,31,81,54,104
BikesHelmets353.png,400,250,Without Helmet,338,65,363,93
BikesHelmets353.png,400,250,Without Helmet,232,74,256,99
BikesHelmets353.png,400,250,Without Helmet,270,76,287,94
BikesHelmets353.png,400,250,Without Helmet,113,78,134,104
BikesHelmets353.png,400,250,Without Helmet,297,74,311,93
BikesHelmets353.png,400,250,Without Helmet,202,78,216,96
BikesHelmets353.png,400,250,Without Helmet,136,74,153,96
BikesHelmets435.png,400,225,With Helmet,70,2,147,85
BikesHelmets409.png,400,267,With Helmet,203,40,252,105
BikesHelmets409.png,400,267,With Helmet,269,54,315,110
BikesHelmets596.png,300,169,With Helmet,160,31,185,62
BikesHelmets596.png,300,169,With Helmet,135,31,150,53
BikesHelmets596.png,300,169,With Helmet,119,32,132,55
BikesHelmets596.png,300,169,With Helmet,196,29,216,51
BikesHelmets596.png,300,169,Without Helmet,44,37,60,56
BikesHelmets596.png,300,169,Without Helmet,90,42,104,58
BikesHelmets31.png,600,452,Without Helmet,312,248,345,284
BikesHelmets582.png,500,333,With Helmet,400,69,443,123
BikesHelmets582.png,500,333,With Helmet,257,62,295,96
BikesHelmets582.png,500,333,With Helmet,116,73,165,125
BikesHelmets25.png,400,225,With Helmet,258,20,298,75
BikesHelmets25.png,400,225,With Helmet,107,3,160,48
BikesHelmets19.png,400,291,With Helmet,154,5,221,82
BikesHelmets19.png,400,291,With Helmet,309,82,345,130
BikesHelmets555.png,400,267,With Helmet,239,90,268,122
BikesHelmets555.png,400,267,With Helmet,129,83,154,117
BikesHelmets555.png,400,267,With Helmet,326,104,347,130
BikesHelmets555.png,400,267,With Helmet,278,85,301,109
BikesHelmets555.png,400,267,With Helmet,85,102,107,123
BikesHelmets555.png,400,267,With Helmet,188,86,204,112
BikesHelmets233.png,480,320,With Helmet,169,10,220,65
BikesHelmets227.png,268,400,With Helmet,46,25,119,105
BikesHelmets541.png,400,225,With Helmet,69,3,120,58
BikesHelmets541.png,400,225,With Helmet,285,5,346,76
BikesHelmets541.png,400,225,With Helmet,30,7,72,61
BikesHelmets569.png,400,267,Without Helmet,128,27,189,103
BikesHelmets1.png,400,300,With Helmet,161,0,252,82
BikesHelmets757.png,520,347,With Helmet,215,59,258,114
BikesHelmets757.png,520,347,With Helmet,403,57,442,104
BikesHelmets757.png,520,347,With Helmet,127,77,165,120
BikesHelmets743.png,400,300,Without Helmet,199,18,245,71
BikesHelmets755.png,225,149,With Helmet,139,2,180,53
BikesHelmets3.png,400,216,With Helmet,202,39,222,64
BikesHelmets3.png,400,216,With Helmet,288,50,305,74
BikesHelmets741.png,600,450,With Helmet,293,30,355,102
BikesHelmets219.png,494,345,With Helmet,205,25,266,82
BikesHelmets219.png,494,345,With Helmet,60,46,109,93
BikesHelmets219.png,494,345,With Helmet,419,10,482,84
BikesHelmets231.png,400,235,With Helmet,152,6,206,55
BikesHelmets231.png,400,235,Without Helmet,226,12,273,53
BikesHelmets557.png,400,225,With Helmet,232,63,253,91
BikesHelmets557.png,400,225,With Helmet,282,65,303,87
BikesHelmets557.png,400,225,Without Helmet,130,54,149,79
BikesHelmets557.png,400,225,Without Helmet,41,55,67,79
BikesHelmets557.png,400,225,Without Helmet,323,60,339,78
BikesHelmets543.png,295,400,With Helmet,100,57,162,126
BikesHelmets225.png,400,267,With Helmet,139,24,190,70
BikesHelmets594.png,400,258,Without Helmet,244,11,285,48
BikesHelmets594.png,400,258,Without Helmet,96,16,124,50
BikesHelmets33.png,400,265,With Helmet,29,27,100,102
BikesHelmets33.png,400,265,With Helmet,175,58,217,111
BikesHelmets580.png,400,265,With Helmet,203,1,272,75
BikesHelmets27.png,576,432,With Helmet,179,14,265,92
BikesHelmets379.png,400,228,Without Helmet,150,1,188,46
BikesHelmets345.png,400,267,With Helmet,192,39,226,83
BikesHelmets423.png,170,227,Without Helmet,77,71,93,95
BikesHelmets437.png,400,225,With Helmet,114,10,151,54
BikesHelmets437.png,400,225,With Helmet,236,17,279,64
BikesHelmets351.png,400,264,With Helmet,183,103,221,147
BikesHelmets351.png,400,264,With Helmet,322,81,355,119
BikesHelmets351.png,400,264,With Helmet,249,60,283,100
BikesHelmets351.png,400,264,With Helmet,65,48,95,77
BikesHelmets351.png,400,264,With Helmet,10,74,45,111
BikesHelmets351.png,400,264,With Helmet,123,58,155,91
BikesHelmets351.png,400,264,With Helmet,197,29,229,63
BikesHelmets351.png,400,264,With Helmet,367,40,396,74
BikesHelmets351.png,400,264,With Helmet,280,21,303,47
BikesHelmets386.png,400,244,With Helmet,210,38,248,86
BikesHelmets386.png,400,244,With Helmet,310,24,343,65
BikesHelmets386.png,400,244,With Helmet,126,43,158,82
BikesHelmets392.png,460,385,With Helmet,272,35,322,93
BikesHelmets392.png,460,385,With Helmet,34,58,97,111
BikesHelmets609.png,400,266,Without Helmet,241,59,269,95
BikesHelmets609.png,400,266,With Helmet,192,65,221,99
BikesHelmets609.png,400,266,Without Helmet,156,63,178,91
BikesHelmets609.png,400,266,Without Helmet,109,59,129,79
BikesHelmets609.png,400,266,Without Helmet,324,57,348,92
BikesHelmets621.png,400,365,With Helmet,199,7,258,84
BikesHelmets621.png,400,365,With Helmet,133,40,186,88
BikesHelmets147.png,563,376,With Helmet,212,70,328,191
BikesHelmets153.png,300,400,With Helmet,90,54,177,145
BikesHelmets635.png,400,225,Without Helmet,283,26,306,55
BikesHelmets635.png,400,225,Without Helmet,225,21,240,44
BikesHelmets184.png,400,300,With Helmet,278,155,295,172
BikesHelmets190.png,570,322,Without Helmet,326,67,387,127
BikesHelmets191.png,400,225,With Helmet,196,11,260,71
BikesHelmets185.png,400,300,With Helmet,117,77,255,223
BikesHelmets152.png,519,345,With Helmet,342,131,385,178
BikesHelmets152.png,519,345,With Helmet,240,122,276,166
BikesHelmets152.png,519,345,With Helmet,414,123,451,154
BikesHelmets152.png,519,345,With Helmet,486,124,519,177
BikesHelmets152.png,519,345,With Helmet,94,109,117,131
BikesHelmets152.png,519,345,With Helmet,174,111,201,139
BikesHelmets634.png,400,279,Without Helmet,164,32,209,97
BikesHelmets634.png,400,279,Without Helmet,82,16,137,89
BikesHelmets620.png,400,255,With Helmet,195,42,215,70
BikesHelmets620.png,400,255,With Helmet,112,45,135,78
BikesHelmets620.png,400,255,With Helmet,149,47,164,68
BikesHelmets146.png,600,450,With Helmet,452,88,555,207
BikesHelmets146.png,600,450,With Helmet,309,92,402,202
BikesHelmets146.png,600,450,With Helmet,180,111,247,187
BikesHelmets146.png,600,450,With Helmet,51,108,159,220
BikesHelmets608.png,400,223,With Helmet,165,2,235,87
BikesHelmets393.png,400,313,Without Helmet,241,53,280,91
BikesHelmets393.png,400,313,Without Helmet,84,72,116,103
BikesHelmets387.png,400,223,Without Helmet,66,33,102,72
BikesHelmets387.png,400,223,Without Helmet,191,24,220,64
BikesHelmets387.png,400,223,Without Helmet,291,34,325,71
BikesHelmets387.png,400,223,Without Helmet,237,44,259,68
BikesHelmets387.png,400,223,Without Helmet,113,46,145,75
BikesHelmets436.png,360,520,Without Helmet,98,7,179,114
BikesHelmets436.png,360,520,Without Helmet,210,5,285,90
BikesHelmets350.png,400,267,With Helmet,188,2,249,77
BikesHelmets344.png,400,228,Without Helmet,124,17,151,47
BikesHelmets344.png,400,228,Without Helmet,78,21,101,45
BikesHelmets344.png,400,228,Without Helmet,197,22,217,50
BikesHelmets422.png,400,214,Without Helmet,23,42,47,68
BikesHelmets422.png,400,214,With Helmet,267,24,286,41
BikesHelmets422.png,400,214,Without Helmet,352,48,380,71
BikesHelmets422.png,400,214,Without Helmet,121,46,144,74
BikesHelmets422.png,400,214,Without Helmet,229,60,258,93
BikesHelmets378.png,300,400,With Helmet,174,63,244,143
BikesHelmets378.png,300,400,With Helmet,146,8,196,67
BikesHelmets26.png,600,400,With Helmet,223,108,358,247
BikesHelmets26.png,600,400,With Helmet,314,177,429,297
BikesHelmets581.png,600,485,With Helmet,264,101,322,159
BikesHelmets581.png,600,485,Without Helmet,357,94,401,138
BikesHelmets32.png,300,400,With Helmet,38,69,97,140
BikesHelmets32.png,300,400,With Helmet,217,10,297,103
BikesHelmets595.png,468,351,With Helmet,114,64,181,128
BikesHelmets542.png,570,320,With Helmet,169,4,238,56
BikesHelmets224.png,300,227,With Helmet,202,32,236,57
BikesHelmets230.png,400,214,With Helmet,179,2,215,43
BikesHelmets556.png,400,266,Without Helmet,187,23,239,75
BikesHelmets218.png,400,400,With Helmet,112,40,192,125
BikesHelmets740.png,400,203,With Helmet,309,27,329,49
BikesHelmets740.png,400,203,Without Helmet,345,22,367,47
BikesHelmets740.png,400,203,Without Helmet,202,32,225,56
BikesHelmets740.png,400,203,Without Helmet,107,33,131,58
BikesHelmets740.png,400,203,Without Helmet,17,30,43,56
BikesHelmets740.png,400,203,Without Helmet,239,24,255,47
BikesHelmets740.png,400,203,With Helmet,69,29,91,54
BikesHelmets754.png,400,238,With Helmet,168,37,289,136
BikesHelmets2.png,400,300,With Helmet,283,14,328,61
BikesHelmets2.png,400,300,With Helmet,206,27,246,77
BikesHelmets2.png,400,300,With Helmet,107,13,161,73
